../maps/mc-forest.map, CELL, 1, 1169, 1498, 25.0469
../maps/mc-forest.map, PATH, 1, 107, 1498, 106.947
../maps/mc-forest.map, CELL_THEN_PATH, 1, 107, 1498, 96.3783
../maps/den101d.map, CELL, 1, 589, 1360, 36.5344
../maps/den101d.map, PATH, 1, 19, 1360, 85.6791
../maps/den101d.map, CELL_THEN_PATH, 1, 19, 1360, 65.1683
../maps/huge/ht_chantry.map, CELL, 1, 2994, 7461, 962.837
../maps/huge/ht_chantry.map, PATH, 1, 183, 7461, 12695.2
../maps/huge/ht_chantry.map, CELL_THEN_PATH, 1, 183, 7461, 5398.55
../maps/huge/ht_chantry.map, PATH, 2, 204, 7461, 13689.4
../maps/huge/ht_chantry.map, CELL_THEN_PATH, 2, 204, 7461, 5523.7
../maps/huge/ht_chantry.map, PATH, 3, 207, 7461, 12557.6
../maps/huge/ht_chantry.map, CELL_THEN_PATH, 3, 207, 7461, 5226.31
../maps/huge/ht_chantry.map, PATH, 4, 265, 7461, 12058.7
../maps/huge/ht_chantry.map, CELL_THEN_PATH, 4, 265, 7461, 5291.65
../maps/huge/ht_chantry.map, PATH, 5, 247, 7461, 12125.3
../maps/huge/ht_chantry.map, CELL_THEN_PATH, 5, 247, 7461, 5179.85
../maps/huge/ht_chantry.map, PATH, 6, 335, 7461, 11762.1
../maps/huge/ht_chantry.map, CELL_THEN_PATH, 6, 335, 7461, 5234.8
../maps/huge/ht_chantry.map, PATH, 7, 423, 7461, 12319.4
../maps/huge/ht_chantry.map, CELL_THEN_PATH, 7, 423, 7461, 5300.11
../maps/huge/ht_chantry.map, PATH, 8, 285, 7461, 12262.5
../maps/huge/ht_chantry.map, CELL_THEN_PATH, 8, 285, 7461, 5287.05
../maps/mc-forest.map, CELL, 1, 1207, 1498, 23.323
../maps/mc-forest.map, PATH, 1, 107, 1498, 103.078
../maps/mc-forest.map, CELL_THEN_PATH, 1, 107, 1498, 94.5978
../maps/den101d.map, CELL, 1, 588, 1360, 34.9616
../maps/den101d.map, PATH, 1, 19, 1360, 84.502
../maps/den101d.map, CELL_THEN_PATH, 1, 19, 1360, 63.6152
../maps/huge/ht_chantry.map, CELL, 1, 4128, 7461, 936.368
../maps/huge/ht_chantry.map, PATH, 1, 182, 7461, 12513.7
../maps/huge/ht_chantry.map, CELL_THEN_PATH, 1, 182, 7461, 5352.58
../maps/huge/ht_chantry.map, PATH, 2, 238, 7461, 12242.7
../maps/huge/ht_chantry.map, CELL_THEN_PATH, 2, 238, 7461, 5242.93
../maps/huge/ht_chantry.map, PATH, 3, 245, 7461, 11953
../maps/huge/ht_chantry.map, CELL_THEN_PATH, 3, 245, 7461, 5304.48
../maps/huge/ht_chantry.map, PATH, 4, 277, 7461, 12536.9
../maps/huge/ht_chantry.map, CELL_THEN_PATH, 4, 277, 7461, 5217.03
../maps/huge/ht_chantry.map, PATH, 5, 147, 7461, 12553.1
../maps/huge/ht_chantry.map, CELL_THEN_PATH, 5, 147, 7461, 5259.87
../maps/huge/ht_chantry.map, PATH, 6, 163, 7461, 12702.1
../maps/huge/ht_chantry.map, CELL_THEN_PATH, 6, 163, 7461, 5209.75
../maps/huge/ht_chantry.map, PATH, 7, 458, 7461, 12140.9
../maps/huge/ht_chantry.map, CELL_THEN_PATH, 7, 458, 7461, 5175.53
../maps/huge/ht_chantry.map, PATH, 8, 117, 7461, 12121.9
../maps/huge/ht_chantry.map, CELL_THEN_PATH, 8, 117, 7461, 5261.85
../maps/mc-forest.map, CELL, 1, 1134, 1498, 23.4902
../maps/mc-forest.map, PATH, 1, 103, 1498, 104.986
../maps/mc-forest.map, CELL_THEN_PATH, 1, 103, 1498, 96.149
../maps/den101d.map, CELL, 1, 551, 1360, 35.1264
../maps/den101d.map, PATH, 1, 22, 1360, 87.5742
../maps/den101d.map, CELL_THEN_PATH, 1, 22, 1360, 66.1446
../maps/huge/ht_chantry.map, CELL, 1, 4342, 7461, 937.264
../maps/huge/ht_chantry.map, PATH, 1, 185, 7461, 12580.8
../maps/huge/ht_chantry.map, CELL_THEN_PATH, 1, 185, 7461, 5309
../maps/huge/ht_chantry.map, PATH, 2, 237, 7461, 11890.8
../maps/huge/ht_chantry.map, CELL_THEN_PATH, 2, 237, 7461, 5186.29
../maps/huge/ht_chantry.map, PATH, 3, 200, 7461, 12309.6
../maps/huge/ht_chantry.map, CELL_THEN_PATH, 3, 200, 7461, 5354
../maps/huge/ht_chantry.map, PATH, 4, 193, 7461, 12077.9
../maps/huge/ht_chantry.map, CELL_THEN_PATH, 4, 193, 7461, 5202.38
../maps/huge/ht_chantry.map, PATH, 5, 240, 7461, 12393.1
../maps/huge/ht_chantry.map, CELL_THEN_PATH, 5, 240, 7461, 5201.69
../maps/huge/ht_chantry.map, PATH, 6, 299, 7461, 12326.7
../maps/huge/ht_chantry.map, CELL_THEN_PATH, 6, 299, 7461, 5256.57
../maps/huge/ht_chantry.map, PATH, 7, 406, 7461, 12063.3
../maps/huge/ht_chantry.map, CELL_THEN_PATH, 7, 406, 7461, 5200.17
../maps/huge/ht_chantry.map, PATH, 8, 271, 7461, 12322.7
../maps/huge/ht_chantry.map, CELL_THEN_PATH, 8, 271, 7461, 5235.34
../maps/mc-forest.map, CELL, 1, 1168, 1498, 23.408
../maps/mc-forest.map, PATH, 1, 107, 1498, 103.582
../maps/mc-forest.map, CELL_THEN_PATH, 1, 107, 1498, 100.622
../maps/den101d.map, CELL, 1, 356, 1360, 34.9932
../maps/den101d.map, PATH, 1, 22, 1360, 86.1273
../maps/den101d.map, CELL_THEN_PATH, 1, 22, 1360, 63.3352
../maps/huge/ht_chantry.map, CELL, 1, 3950, 7461, 936.18
../maps/huge/ht_chantry.map, PATH, 1, 184, 7461, 12070.9
../maps/huge/ht_chantry.map, CELL_THEN_PATH, 1, 184, 7461, 5264.62
../maps/huge/ht_chantry.map, PATH, 2, 153, 7461, 12283
../maps/huge/ht_chantry.map, CELL_THEN_PATH, 2, 153, 7461, 5324.48
../maps/huge/ht_chantry.map, PATH, 3, 294, 7461, 12397.2
../maps/huge/ht_chantry.map, CELL_THEN_PATH, 3, 294, 7461, 5196.18
../maps/huge/ht_chantry.map, PATH, 4, 213, 7461, 12081.5
../maps/huge/ht_chantry.map, CELL_THEN_PATH, 4, 213, 7461, 5338.32
../maps/huge/ht_chantry.map, PATH, 5, 254, 7461, 12196.9
../maps/huge/ht_chantry.map, CELL_THEN_PATH, 5, 254, 7461, 5261.93
../maps/huge/ht_chantry.map, PATH, 6, 352, 7461, 12508.8
../maps/huge/ht_chantry.map, CELL_THEN_PATH, 6, 352, 7461, 5257.66
../maps/huge/ht_chantry.map, PATH, 7, 479, 7461, 12438.7
../maps/huge/ht_chantry.map, CELL_THEN_PATH, 7, 479, 7461, 5138.62
../maps/huge/ht_chantry.map, PATH, 8, 410, 7461, 12180.4
../maps/huge/ht_chantry.map, CELL_THEN_PATH, 8, 410, 7461, 5294.05
../maps/mc-forest.map, CELL, 1, 1203, 1498, 23.3115
../maps/mc-forest.map, PATH, 1, 107, 1498, 105
../maps/mc-forest.map, CELL_THEN_PATH, 1, 107, 1498, 95.8613
../maps/den101d.map, CELL, 1, 571, 1360, 34.8542
../maps/den101d.map, PATH, 1, 22, 1360, 85.6951
../maps/den101d.map, CELL_THEN_PATH, 1, 22, 1360, 64.2019
../maps/huge/ht_chantry.map, CELL, 1, 4030, 7461, 935.228
../maps/huge/ht_chantry.map, PATH, 1, 171, 7461, 12674.7
../maps/huge/ht_chantry.map, CELL_THEN_PATH, 1, 171, 7461, 5344.54
../maps/huge/ht_chantry.map, PATH, 2, 152, 7461, 12484
../maps/huge/ht_chantry.map, CELL_THEN_PATH, 2, 152, 7461, 5281.09
../maps/huge/ht_chantry.map, PATH, 3, 262, 7461, 12270.4
../maps/huge/ht_chantry.map, CELL_THEN_PATH, 3, 262, 7461, 5269.05
../maps/huge/ht_chantry.map, PATH, 4, 212, 7461, 12149.5
../maps/huge/ht_chantry.map, CELL_THEN_PATH, 4, 212, 7461, 5251.26
../maps/huge/ht_chantry.map, PATH, 5, 235, 7461, 12260.8
../maps/huge/ht_chantry.map, CELL_THEN_PATH, 5, 235, 7461, 5353.65
../maps/huge/ht_chantry.map, PATH, 6, 270, 7461, 12299.7
../maps/huge/ht_chantry.map, CELL_THEN_PATH, 6, 270, 7461, 5256.44
../maps/huge/ht_chantry.map, PATH, 7, 278, 7461, 13224.9
../maps/huge/ht_chantry.map, CELL_THEN_PATH, 7, 278, 7461, 5265.97
../maps/huge/ht_chantry.map, PATH, 8, 182, 7461, 12605.6
../maps/huge/ht_chantry.map, CELL_THEN_PATH, 8, 182, 7461, 5303.7
../maps/mc-forest.map, CELL, 1, 1032, 1498, 24.8061
../maps/mc-forest.map, PATH, 1, 101, 1498, 102.552
../maps/mc-forest.map, CELL_THEN_PATH, 1, 101, 1498, 102.587
../maps/den101d.map, CELL, 1, 308, 1360, 35.9051
../maps/den101d.map, PATH, 1, 22, 1360, 86.943
../maps/den101d.map, CELL_THEN_PATH, 1, 22, 1360, 65.0089
../maps/huge/ht_chantry.map, CELL, 1, 2930, 7461, 942.051
../maps/huge/ht_chantry.map, PATH, 1, 183, 7461, 12442.8
../maps/huge/ht_chantry.map, CELL_THEN_PATH, 1, 183, 7461, 5431.18
../maps/huge/ht_chantry.map, PATH, 2, 221, 7461, 11981.1
../maps/huge/ht_chantry.map, CELL_THEN_PATH, 2, 221, 7461, 5201.67
../maps/huge/ht_chantry.map, PATH, 3, 212, 7461, 12132.2
../maps/huge/ht_chantry.map, CELL_THEN_PATH, 3, 212, 7461, 5256.7
../maps/huge/ht_chantry.map, PATH, 4, 320, 7461, 12075.3
../maps/huge/ht_chantry.map, CELL_THEN_PATH, 4, 320, 7461, 5187.87
../maps/huge/ht_chantry.map, PATH, 5, 169, 7461, 12087.9
../maps/huge/ht_chantry.map, CELL_THEN_PATH, 5, 169, 7461, 5261.64
../maps/huge/ht_chantry.map, PATH, 6, 289, 7461, 11930.7
../maps/huge/ht_chantry.map, CELL_THEN_PATH, 6, 289, 7461, 5271.43
../maps/huge/ht_chantry.map, PATH, 7, 256, 7461, 12224
../maps/huge/ht_chantry.map, CELL_THEN_PATH, 7, 256, 7461, 5193.77
../maps/huge/ht_chantry.map, PATH, 8, 249, 7461, 12067.2
../maps/huge/ht_chantry.map, CELL_THEN_PATH, 8, 249, 7461, 5190.28
../maps/mc-forest.map, CELL, 1, 1204, 1498, 23.9751
../maps/mc-forest.map, PATH, 1, 105, 1498, 103.209
../maps/mc-forest.map, CELL_THEN_PATH, 1, 105, 1498, 96.312
../maps/den101d.map, CELL, 1, 698, 1360, 35.4839
../maps/den101d.map, PATH, 1, 21, 1360, 86.0078
../maps/den101d.map, CELL_THEN_PATH, 1, 21, 1360, 64.4463
../maps/huge/ht_chantry.map, CELL, 1, 4536, 7461, 938.327
../maps/huge/ht_chantry.map, PATH, 1, 185, 7461, 12426.7
../maps/huge/ht_chantry.map, CELL_THEN_PATH, 1, 185, 7461, 5419.15
../maps/huge/ht_chantry.map, PATH, 2, 198, 7461, 12306.9
../maps/huge/ht_chantry.map, CELL_THEN_PATH, 2, 198, 7461, 5302.25
../maps/huge/ht_chantry.map, PATH, 3, 257, 7461, 12161.4
../maps/huge/ht_chantry.map, CELL_THEN_PATH, 3, 257, 7461, 5249.48
../maps/huge/ht_chantry.map, PATH, 4, 440, 7461, 12105.6
../maps/huge/ht_chantry.map, CELL_THEN_PATH, 4, 440, 7461, 5184.86
../maps/huge/ht_chantry.map, PATH, 5, 443, 7461, 12257.5
../maps/huge/ht_chantry.map, CELL_THEN_PATH, 5, 443, 7461, 5235.78
../maps/huge/ht_chantry.map, PATH, 6, 276, 7461, 12196.1
../maps/huge/ht_chantry.map, CELL_THEN_PATH, 6, 276, 7461, 5355.69
../maps/huge/ht_chantry.map, PATH, 7, 158, 7461, 12181.9
../maps/huge/ht_chantry.map, CELL_THEN_PATH, 7, 158, 7461, 5206.76
../maps/huge/ht_chantry.map, PATH, 8, 176, 7461, 11991.2
../maps/huge/ht_chantry.map, CELL_THEN_PATH, 8, 176, 7461, 5282.46
../maps/mc-forest.map, CELL, 1, 1066, 1498, 23.8991
../maps/mc-forest.map, PATH, 1, 107, 1498, 107.102
../maps/mc-forest.map, CELL_THEN_PATH, 1, 107, 1498, 96.1038
../maps/den101d.map, CELL, 1, 373, 1360, 35.4974
../maps/den101d.map, PATH, 1, 22, 1360, 84.1487
../maps/den101d.map, CELL_THEN_PATH, 1, 22, 1360, 63.4405
../maps/huge/ht_chantry.map, CELL, 1, 3958, 7461, 935.988
../maps/huge/ht_chantry.map, PATH, 1, 184, 7461, 12207.1
../maps/huge/ht_chantry.map, CELL_THEN_PATH, 1, 184, 7461, 5387.45
../maps/huge/ht_chantry.map, PATH, 2, 292, 7461, 12028.9
../maps/huge/ht_chantry.map, CELL_THEN_PATH, 2, 292, 7461, 5226.67
../maps/huge/ht_chantry.map, PATH, 3, 157, 7461, 12266.5
../maps/huge/ht_chantry.map, CELL_THEN_PATH, 3, 157, 7461, 5338.04
../maps/huge/ht_chantry.map, PATH, 4, 218, 7461, 12128.8
../maps/huge/ht_chantry.map, CELL_THEN_PATH, 4, 218, 7461, 5245.82
../maps/huge/ht_chantry.map, PATH, 5, 309, 7461, 12279.4
../maps/huge/ht_chantry.map, CELL_THEN_PATH, 5, 309, 7461, 5234.74
../maps/huge/ht_chantry.map, PATH, 6, 186, 7461, 12159
../maps/huge/ht_chantry.map, CELL_THEN_PATH, 6, 186, 7461, 5323.62
../maps/huge/ht_chantry.map, PATH, 7, 174, 7461, 12128.5
../maps/huge/ht_chantry.map, CELL_THEN_PATH, 7, 174, 7461, 5254.75
../maps/huge/ht_chantry.map, PATH, 8, 219, 7461, 11989.5
../maps/huge/ht_chantry.map, CELL_THEN_PATH, 8, 219, 7461, 5232.87
../maps/mc-forest.map, CELL, 1, 1181, 1498, 23.8016
../maps/mc-forest.map, PATH, 1, 107, 1498, 104.779
../maps/mc-forest.map, CELL_THEN_PATH, 1, 107, 1498, 96.9568
../maps/den101d.map, CELL, 1, 345, 1360, 35.3993
../maps/den101d.map, PATH, 1, 22, 1360, 86.6632
../maps/den101d.map, CELL_THEN_PATH, 1, 22, 1360, 63.2623
../maps/huge/ht_chantry.map, CELL, 1, 3766, 7461, 938.557
../maps/huge/ht_chantry.map, PATH, 1, 185, 7461, 12183.1
../maps/huge/ht_chantry.map, CELL_THEN_PATH, 1, 185, 7461, 5340.29
../maps/huge/ht_chantry.map, PATH, 2, 153, 7461, 12054.5
../maps/huge/ht_chantry.map, CELL_THEN_PATH, 2, 153, 7461, 5288.72
../maps/huge/ht_chantry.map, PATH, 3, 229, 7461, 12157.1
../maps/huge/ht_chantry.map, CELL_THEN_PATH, 3, 229, 7461, 5282.87
../maps/huge/ht_chantry.map, PATH, 4, 236, 7461, 12052.4
../maps/huge/ht_chantry.map, CELL_THEN_PATH, 4, 236, 7461, 5258.74
../maps/huge/ht_chantry.map, PATH, 5, 262, 7461, 11944.7
../maps/huge/ht_chantry.map, CELL_THEN_PATH, 5, 262, 7461, 5574.89
../maps/huge/ht_chantry.map, PATH, 6, 303, 7461, 11914.2
../maps/huge/ht_chantry.map, CELL_THEN_PATH, 6, 303, 7461, 5238.4
../maps/huge/ht_chantry.map, PATH, 7, 253, 7461, 11738.6
../maps/huge/ht_chantry.map, CELL_THEN_PATH, 7, 253, 7461, 5240.37
../maps/huge/ht_chantry.map, PATH, 8, 115, 7461, 12189.4
../maps/huge/ht_chantry.map, CELL_THEN_PATH, 8, 115, 7461, 5193.27
../maps/mc-forest.map, CELL, 1, 1213, 1498, 23.6852
../maps/mc-forest.map, PATH, 1, 107, 1498, 105.499
../maps/mc-forest.map, CELL_THEN_PATH, 1, 107, 1498, 97.5044
../maps/den101d.map, CELL, 1, 655, 1360, 35.4724
../maps/den101d.map, PATH, 1, 22, 1360, 87.0348
../maps/den101d.map, CELL_THEN_PATH, 1, 22, 1360, 65.3676
../maps/huge/ht_chantry.map, CELL, 1, 4041, 7461, 939.506
../maps/huge/ht_chantry.map, PATH, 1, 185, 7461, 12238.9
../maps/huge/ht_chantry.map, CELL_THEN_PATH, 1, 185, 7461, 5267.18
../maps/huge/ht_chantry.map, PATH, 2, 264, 7461, 12577.5
../maps/huge/ht_chantry.map, CELL_THEN_PATH, 2, 264, 7461, 5401.11
../maps/huge/ht_chantry.map, PATH, 3, 195, 7461, 11935.4
../maps/huge/ht_chantry.map, CELL_THEN_PATH, 3, 195, 7461, 5229.14
../maps/huge/ht_chantry.map, PATH, 4, 261, 7461, 12159.5
../maps/huge/ht_chantry.map, CELL_THEN_PATH, 4, 261, 7461, 5288
../maps/huge/ht_chantry.map, PATH, 5, 135, 7461, 12204.1
../maps/huge/ht_chantry.map, CELL_THEN_PATH, 5, 135, 7461, 5184.61
../maps/huge/ht_chantry.map, PATH, 6, 278, 7461, 12062.6
../maps/huge/ht_chantry.map, CELL_THEN_PATH, 6, 278, 7461, 5180.35
../maps/huge/ht_chantry.map, PATH, 7, 389, 7461, 12208.8
../maps/huge/ht_chantry.map, CELL_THEN_PATH, 7, 389, 7461, 5165.25
../maps/huge/ht_chantry.map, PATH, 8, 389, 7461, 11905.9
../maps/huge/ht_chantry.map, CELL_THEN_PATH, 8, 389, 7461, 5214.56
../maps/mc-forest.map, CELL, 1, 1112, 1498, 24.7947
../maps/mc-forest.map, PATH, 1, 84, 1498, 102.902
../maps/mc-forest.map, CELL_THEN_PATH, 1, 84, 1498, 95.1804
../maps/den101d.map, CELL, 1, 681, 1360, 35.397
../maps/den101d.map, PATH, 1, 15, 1360, 105.656
../maps/den101d.map, CELL_THEN_PATH, 1, 15, 1360, 65.4901
../maps/huge/ht_chantry.map, CELL, 1, 3211, 7461, 937.016
../maps/huge/ht_chantry.map, PATH, 1, 184, 7461, 12292.8
../maps/huge/ht_chantry.map, CELL_THEN_PATH, 1, 184, 7461, 5335.07
../maps/huge/ht_chantry.map, PATH, 2, 235, 7461, 12241.9
../maps/huge/ht_chantry.map, CELL_THEN_PATH, 2, 235, 7461, 5179
../maps/huge/ht_chantry.map, PATH, 3, 280, 7461, 12192.8
../maps/huge/ht_chantry.map, CELL_THEN_PATH, 3, 280, 7461, 5242.24
../maps/huge/ht_chantry.map, PATH, 4, 230, 7461, 12136.8
../maps/huge/ht_chantry.map, CELL_THEN_PATH, 4, 230, 7461, 5215.52
../maps/huge/ht_chantry.map, PATH, 5, 266, 7461, 11928.3
../maps/huge/ht_chantry.map, CELL_THEN_PATH, 5, 266, 7461, 5270.27
../maps/huge/ht_chantry.map, PATH, 6, 232, 7461, 11918.1
../maps/huge/ht_chantry.map, CELL_THEN_PATH, 6, 232, 7461, 5276.91
../maps/huge/ht_chantry.map, PATH, 7, 237, 7461, 12284.7
../maps/huge/ht_chantry.map, CELL_THEN_PATH, 7, 237, 7461, 5268.63
../maps/huge/ht_chantry.map, PATH, 8, 140, 7461, 12043.7
../maps/huge/ht_chantry.map, CELL_THEN_PATH, 8, 140, 7461, 5221.53
../maps/mc-forest.map, CELL, 1, 1183, 1498, 23.7331
../maps/mc-forest.map, PATH, 1, 107, 1498, 105.574
../maps/mc-forest.map, CELL_THEN_PATH, 1, 107, 1498, 96.3056
../maps/den101d.map, CELL, 1, 562, 1360, 35.4306
../maps/den101d.map, PATH, 1, 20, 1360, 126.624
../maps/den101d.map, CELL_THEN_PATH, 1, 20, 1360, 64.0212
../maps/huge/ht_chantry.map, CELL, 1, 4371, 7461, 938.338
../maps/huge/ht_chantry.map, PATH, 1, 184, 7461, 12058
../maps/huge/ht_chantry.map, CELL_THEN_PATH, 1, 184, 7461, 5335.55
../maps/huge/ht_chantry.map, PATH, 2, 182, 7461, 11992.4
../maps/huge/ht_chantry.map, CELL_THEN_PATH, 2, 182, 7461, 5238.24
../maps/huge/ht_chantry.map, PATH, 3, 192, 7461, 12304.2
../maps/huge/ht_chantry.map, CELL_THEN_PATH, 3, 192, 7461, 5238.8
../maps/huge/ht_chantry.map, PATH, 4, 224, 7461, 12065.5
../maps/huge/ht_chantry.map, CELL_THEN_PATH, 4, 224, 7461, 5194.81
../maps/huge/ht_chantry.map, PATH, 5, 302, 7461, 11976
../maps/huge/ht_chantry.map, CELL_THEN_PATH, 5, 302, 7461, 5207.87
../maps/huge/ht_chantry.map, PATH, 6, 160, 7461, 11825.7
../maps/huge/ht_chantry.map, CELL_THEN_PATH, 6, 160, 7461, 5261.48
../maps/huge/ht_chantry.map, PATH, 7, 300, 7461, 11922.5
../maps/huge/ht_chantry.map, CELL_THEN_PATH, 7, 300, 7461, 5186.77
../maps/huge/ht_chantry.map, PATH, 8, 219, 7461, 12131.6
../maps/huge/ht_chantry.map, CELL_THEN_PATH, 8, 219, 7461, 5203.8
../maps/mc-forest.map, CELL, 1, 1143, 1498, 23.756
../maps/mc-forest.map, PATH, 1, 107, 1498, 103.206
../maps/mc-forest.map, CELL_THEN_PATH, 1, 107, 1498, 95.5696
../maps/den101d.map, CELL, 1, 651, 1360, 35.5086
../maps/den101d.map, PATH, 1, 22, 1360, 86.3567
../maps/den101d.map, CELL_THEN_PATH, 1, 22, 1360, 63.8359
../maps/huge/ht_chantry.map, CELL, 1, 4398, 7461, 941.195
../maps/huge/ht_chantry.map, PATH, 1, 185, 7461, 12140.4
../maps/huge/ht_chantry.map, CELL_THEN_PATH, 1, 185, 7461, 5278.35
../maps/huge/ht_chantry.map, PATH, 2, 194, 7461, 12168.2
../maps/huge/ht_chantry.map, CELL_THEN_PATH, 2, 194, 7461, 5212.91
../maps/huge/ht_chantry.map, PATH, 3, 307, 7461, 11959.5
../maps/huge/ht_chantry.map, CELL_THEN_PATH, 3, 307, 7461, 5276.84
../maps/huge/ht_chantry.map, PATH, 4, 190, 7461, 12079.1
../maps/huge/ht_chantry.map, CELL_THEN_PATH, 4, 190, 7461, 5224.5
../maps/huge/ht_chantry.map, PATH, 5, 245, 7461, 11817
../maps/huge/ht_chantry.map, CELL_THEN_PATH, 5, 245, 7461, 5187.3
../maps/huge/ht_chantry.map, PATH, 6, 186, 7461, 12084.7
../maps/huge/ht_chantry.map, CELL_THEN_PATH, 6, 186, 7461, 5189.75
../maps/huge/ht_chantry.map, PATH, 7, 192, 7461, 12110.7
../maps/huge/ht_chantry.map, CELL_THEN_PATH, 7, 192, 7461, 5277.39
../maps/huge/ht_chantry.map, PATH, 8, 242, 7461, 12028
../maps/huge/ht_chantry.map, CELL_THEN_PATH, 8, 242, 7461, 5217.33
../maps/mc-forest.map, CELL, 1, 1112, 1498, 23.6775
../maps/mc-forest.map, PATH, 1, 87, 1498, 111.572
../maps/mc-forest.map, CELL_THEN_PATH, 1, 87, 1498, 95.2902
../maps/den101d.map, CELL, 1, 361, 1360, 35.5026
../maps/den101d.map, PATH, 1, 22, 1360, 85.9352
../maps/den101d.map, CELL_THEN_PATH, 1, 22, 1360, 64.1247
../maps/huge/ht_chantry.map, CELL, 1, 4150, 7461, 940.208
../maps/huge/ht_chantry.map, PATH, 1, 185, 7461, 12438.4
../maps/huge/ht_chantry.map, CELL_THEN_PATH, 1, 185, 7461, 5325.02
../maps/huge/ht_chantry.map, PATH, 2, 227, 7461, 12283.2
../maps/huge/ht_chantry.map, CELL_THEN_PATH, 2, 227, 7461, 5274.61
../maps/huge/ht_chantry.map, PATH, 3, 164, 7461, 12434.2
../maps/huge/ht_chantry.map, CELL_THEN_PATH, 3, 164, 7461, 5321.74
../maps/huge/ht_chantry.map, PATH, 4, 262, 7461, 12093.7
../maps/huge/ht_chantry.map, CELL_THEN_PATH, 4, 262, 7461, 5309.41
../maps/huge/ht_chantry.map, PATH, 5, 319, 7461, 12418.4
../maps/huge/ht_chantry.map, CELL_THEN_PATH, 5, 319, 7461, 5222.51
../maps/huge/ht_chantry.map, PATH, 6, 392, 7461, 12254.5
../maps/huge/ht_chantry.map, CELL_THEN_PATH, 6, 392, 7461, 5214.39
../maps/huge/ht_chantry.map, PATH, 7, 323, 7461, 12205.3
../maps/huge/ht_chantry.map, CELL_THEN_PATH, 7, 323, 7461, 5149.27
../maps/huge/ht_chantry.map, PATH, 8, 290, 7461, 12360.3
../maps/huge/ht_chantry.map, CELL_THEN_PATH, 8, 290, 7461, 5198.66
../maps/mc-forest.map, CELL, 1, 1141, 1498, 23.8125
../maps/mc-forest.map, PATH, 1, 101, 1498, 107.707
../maps/mc-forest.map, CELL_THEN_PATH, 1, 101, 1498, 96.042
../maps/den101d.map, CELL, 1, 334, 1360, 35.3789
../maps/den101d.map, PATH, 1, 22, 1360, 84.3825
../maps/den101d.map, CELL_THEN_PATH, 1, 22, 1360, 63.0976
../maps/huge/ht_chantry.map, CELL, 1, 3985, 7461, 937.191
../maps/huge/ht_chantry.map, PATH, 1, 172, 7461, 12547.6
../maps/huge/ht_chantry.map, CELL_THEN_PATH, 1, 172, 7461, 5367.6
../maps/huge/ht_chantry.map, PATH, 2, 209, 7461, 12242.7
../maps/huge/ht_chantry.map, CELL_THEN_PATH, 2, 209, 7461, 5256.94
../maps/huge/ht_chantry.map, PATH, 3, 371, 7461, 12040.2
../maps/huge/ht_chantry.map, CELL_THEN_PATH, 3, 371, 7461, 5216.56
../maps/huge/ht_chantry.map, PATH, 4, 194, 7461, 12218.3
../maps/huge/ht_chantry.map, CELL_THEN_PATH, 4, 194, 7461, 5245.69
../maps/huge/ht_chantry.map, PATH, 5, 247, 7461, 11935.1
../maps/huge/ht_chantry.map, CELL_THEN_PATH, 5, 247, 7461, 5168.27
../maps/huge/ht_chantry.map, PATH, 6, 327, 7461, 12596.7
../maps/huge/ht_chantry.map, CELL_THEN_PATH, 6, 327, 7461, 5208.61
../maps/huge/ht_chantry.map, PATH, 7, 271, 7461, 12065.1
../maps/huge/ht_chantry.map, CELL_THEN_PATH, 7, 271, 7461, 5217.03
../maps/huge/ht_chantry.map, PATH, 8, 326, 7461, 12244.5
../maps/huge/ht_chantry.map, CELL_THEN_PATH, 8, 326, 7461, 5222.92
../maps/mc-forest.map, CELL, 1, 1190, 1498, 23.7867
../maps/mc-forest.map, PATH, 1, 98, 1498, 104.331
../maps/mc-forest.map, CELL_THEN_PATH, 1, 98, 1498, 95.2825
../maps/den101d.map, CELL, 1, 321, 1360, 35.3667
../maps/den101d.map, PATH, 1, 22, 1360, 84.8642
../maps/den101d.map, CELL_THEN_PATH, 1, 22, 1360, 63.1632
../maps/huge/ht_chantry.map, CELL, 1, 4246, 7461, 939.051
../maps/huge/ht_chantry.map, PATH, 1, 166, 7461, 12446.4
../maps/huge/ht_chantry.map, CELL_THEN_PATH, 1, 166, 7461, 5279.54
../maps/huge/ht_chantry.map, PATH, 2, 216, 7461, 12236.6
../maps/huge/ht_chantry.map, CELL_THEN_PATH, 2, 216, 7461, 5172.57
../maps/huge/ht_chantry.map, PATH, 3, 185, 7461, 12291.9
../maps/huge/ht_chantry.map, CELL_THEN_PATH, 3, 185, 7461, 5218.79
../maps/huge/ht_chantry.map, PATH, 4, 324, 7461, 12162.5
../maps/huge/ht_chantry.map, CELL_THEN_PATH, 4, 324, 7461, 5232.07
../maps/huge/ht_chantry.map, PATH, 5, 316, 7461, 12240.8
../maps/huge/ht_chantry.map, CELL_THEN_PATH, 5, 316, 7461, 5188.44
../maps/huge/ht_chantry.map, PATH, 6, 244, 7461, 12231.1
../maps/huge/ht_chantry.map, CELL_THEN_PATH, 6, 244, 7461, 5182.3
../maps/huge/ht_chantry.map, PATH, 7, 260, 7461, 12198.1
../maps/huge/ht_chantry.map, CELL_THEN_PATH, 7, 260, 7461, 5188.99
../maps/huge/ht_chantry.map, PATH, 8, 345, 7461, 12106.7
../maps/huge/ht_chantry.map, CELL_THEN_PATH, 8, 345, 7461, 5212.46
../maps/mc-forest.map, CELL, 1, 1137, 1498, 23.668
../maps/mc-forest.map, PATH, 1, 107, 1498, 103.014
../maps/mc-forest.map, CELL_THEN_PATH, 1, 107, 1498, 95.7152
../maps/den101d.map, CELL, 1, 613, 1360, 35.6031
../maps/den101d.map, PATH, 1, 20, 1360, 87.0544
../maps/den101d.map, CELL_THEN_PATH, 1, 20, 1360, 66.8047
../maps/huge/ht_chantry.map, CELL, 1, 4292, 7461, 937.127
../maps/huge/ht_chantry.map, PATH, 1, 164, 7461, 12406.6
../maps/huge/ht_chantry.map, CELL_THEN_PATH, 1, 164, 7461, 5240.14
../maps/huge/ht_chantry.map, PATH, 2, 194, 7461, 12057.6
../maps/huge/ht_chantry.map, CELL_THEN_PATH, 2, 194, 7461, 5244.89
../maps/huge/ht_chantry.map, PATH, 3, 186, 7461, 12282.4
../maps/huge/ht_chantry.map, CELL_THEN_PATH, 3, 186, 7461, 5251.21
../maps/huge/ht_chantry.map, PATH, 4, 250, 7461, 12098.9
../maps/huge/ht_chantry.map, CELL_THEN_PATH, 4, 250, 7461, 5177.9
../maps/huge/ht_chantry.map, PATH, 5, 305, 7461, 12055.4
../maps/huge/ht_chantry.map, CELL_THEN_PATH, 5, 305, 7461, 5212.48
../maps/huge/ht_chantry.map, PATH, 6, 318, 7461, 12053.3
../maps/huge/ht_chantry.map, CELL_THEN_PATH, 6, 318, 7461, 5199.27
../maps/huge/ht_chantry.map, PATH, 7, 249, 7461, 12040.1
../maps/huge/ht_chantry.map, CELL_THEN_PATH, 7, 249, 7461, 5266.39
../maps/huge/ht_chantry.map, PATH, 8, 242, 7461, 12174.9
../maps/huge/ht_chantry.map, CELL_THEN_PATH, 8, 242, 7461, 5233.51
../maps/mc-forest.map, CELL, 1, 1198, 1498, 23.7189
../maps/mc-forest.map, PATH, 1, 98, 1498, 106.562
../maps/mc-forest.map, CELL_THEN_PATH, 1, 98, 1498, 97.9659
../maps/den101d.map, CELL, 1, 555, 1360, 35.3514
../maps/den101d.map, PATH, 1, 21, 1360, 88.7202
../maps/den101d.map, CELL_THEN_PATH, 1, 21, 1360, 65.6842
../maps/huge/ht_chantry.map, CELL, 1, 4310, 7461, 939.786
../maps/huge/ht_chantry.map, PATH, 1, 184, 7461, 12203.6
../maps/huge/ht_chantry.map, CELL_THEN_PATH, 1, 184, 7461, 5293.88
../maps/huge/ht_chantry.map, PATH, 2, 264, 7461, 12072.9
../maps/huge/ht_chantry.map, CELL_THEN_PATH, 2, 264, 7461, 5288.42
../maps/huge/ht_chantry.map, PATH, 3, 255, 7461, 11941
../maps/huge/ht_chantry.map, CELL_THEN_PATH, 3, 255, 7461, 5235.2
../maps/huge/ht_chantry.map, PATH, 4, 217, 7461, 12166.6
../maps/huge/ht_chantry.map, CELL_THEN_PATH, 4, 217, 7461, 5290.33
../maps/huge/ht_chantry.map, PATH, 5, 220, 7461, 12077
../maps/huge/ht_chantry.map, CELL_THEN_PATH, 5, 220, 7461, 5197.71
../maps/huge/ht_chantry.map, PATH, 6, 306, 7461, 12121.7
../maps/huge/ht_chantry.map, CELL_THEN_PATH, 6, 306, 7461, 5191.11
../maps/huge/ht_chantry.map, PATH, 7, 296, 7461, 11920.4
../maps/huge/ht_chantry.map, CELL_THEN_PATH, 7, 296, 7461, 5183.37
../maps/huge/ht_chantry.map, PATH, 8, 151, 7461, 11979.4
../maps/huge/ht_chantry.map, CELL_THEN_PATH, 8, 151, 7461, 5198.53
../maps/mc-forest.map, CELL, 1, 1154, 1498, 23.977
../maps/mc-forest.map, PATH, 1, 97, 1498, 102.603
../maps/mc-forest.map, CELL_THEN_PATH, 1, 97, 1498, 94.9122
../maps/den101d.map, CELL, 1, 562, 1360, 35.4208
../maps/den101d.map, PATH, 1, 20, 1360, 84.0258
../maps/den101d.map, CELL_THEN_PATH, 1, 20, 1360, 64.0166
../maps/huge/ht_chantry.map, CELL, 1, 4532, 7461, 936.698
../maps/huge/ht_chantry.map, PATH, 1, 185, 7461, 12344.2
../maps/huge/ht_chantry.map, CELL_THEN_PATH, 1, 185, 7461, 5286.03
../maps/huge/ht_chantry.map, PATH, 2, 180, 7461, 12128.9
../maps/huge/ht_chantry.map, CELL_THEN_PATH, 2, 180, 7461, 5262
../maps/huge/ht_chantry.map, PATH, 3, 239, 7461, 12177.9
../maps/huge/ht_chantry.map, CELL_THEN_PATH, 3, 239, 7461, 5204.48
../maps/huge/ht_chantry.map, PATH, 4, 164, 7461, 12112.9
../maps/huge/ht_chantry.map, CELL_THEN_PATH, 4, 164, 7461, 5301.34
../maps/huge/ht_chantry.map, PATH, 5, 316, 7461, 11949.6
../maps/huge/ht_chantry.map, CELL_THEN_PATH, 5, 316, 7461, 5236.82
../maps/huge/ht_chantry.map, PATH, 6, 307, 7461, 12418.6
../maps/huge/ht_chantry.map, CELL_THEN_PATH, 6, 307, 7461, 5240.9
../maps/huge/ht_chantry.map, PATH, 7, 308, 7461, 11946.3
../maps/huge/ht_chantry.map, CELL_THEN_PATH, 7, 308, 7461, 5184.78
../maps/huge/ht_chantry.map, PATH, 8, 183, 7461, 11959.7
../maps/huge/ht_chantry.map, CELL_THEN_PATH, 8, 183, 7461, 5248.74
../maps/mc-forest.map, CELL, 1, 1120, 1498, 23.8146
../maps/mc-forest.map, PATH, 1, 100, 1498, 102.871
../maps/mc-forest.map, CELL_THEN_PATH, 1, 100, 1498, 94.9861
../maps/den101d.map, CELL, 1, 567, 1360, 35.504
../maps/den101d.map, PATH, 1, 21, 1360, 89.3768
../maps/den101d.map, CELL_THEN_PATH, 1, 21, 1360, 65.5856
../maps/huge/ht_chantry.map, CELL, 1, 4393, 7461, 939.714
../maps/huge/ht_chantry.map, PATH, 1, 163, 7461, 12001.3
../maps/huge/ht_chantry.map, CELL_THEN_PATH, 1, 163, 7461, 5282.86
../maps/huge/ht_chantry.map, PATH, 2, 185, 7461, 12342.7
../maps/huge/ht_chantry.map, CELL_THEN_PATH, 2, 185, 7461, 5311.86
../maps/huge/ht_chantry.map, PATH, 3, 381, 7461, 11921.3
../maps/huge/ht_chantry.map, CELL_THEN_PATH, 3, 381, 7461, 5208.89
../maps/huge/ht_chantry.map, PATH, 4, 394, 7461, 11993.4
../maps/huge/ht_chantry.map, CELL_THEN_PATH, 4, 394, 7461, 5226.24
../maps/huge/ht_chantry.map, PATH, 5, 244, 7461, 11787.1
../maps/huge/ht_chantry.map, CELL_THEN_PATH, 5, 244, 7461, 5229.89
../maps/huge/ht_chantry.map, PATH, 6, 227, 7461, 11842.4
../maps/huge/ht_chantry.map, CELL_THEN_PATH, 6, 227, 7461, 5215.31
../maps/huge/ht_chantry.map, PATH, 7, 290, 7461, 12045.8
../maps/huge/ht_chantry.map, CELL_THEN_PATH, 7, 290, 7461, 5181.11
../maps/huge/ht_chantry.map, PATH, 8, 242, 7461, 11714.7
../maps/huge/ht_chantry.map, CELL_THEN_PATH, 8, 242, 7461, 5184.73
../maps/mc-forest.map, CELL, 1, 1074, 1498, 23.7363
../maps/mc-forest.map, PATH, 1, 86, 1498, 102.777
../maps/mc-forest.map, CELL_THEN_PATH, 1, 86, 1498, 94.8478
../maps/den101d.map, CELL, 1, 518, 1360, 36.1359
../maps/den101d.map, PATH, 1, 20, 1360, 87.2995
../maps/den101d.map, CELL_THEN_PATH, 1, 20, 1360, 64.1733
../maps/huge/ht_chantry.map, CELL, 1, 3897, 7461, 939.606
../maps/huge/ht_chantry.map, PATH, 1, 184, 7461, 12115.2
../maps/huge/ht_chantry.map, CELL_THEN_PATH, 1, 184, 7461, 5243.21
../maps/huge/ht_chantry.map, PATH, 2, 320, 7461, 12017.5
../maps/huge/ht_chantry.map, CELL_THEN_PATH, 2, 320, 7461, 5220.99
../maps/huge/ht_chantry.map, PATH, 3, 167, 7461, 12333
../maps/huge/ht_chantry.map, CELL_THEN_PATH, 3, 167, 7461, 5207.94
../maps/huge/ht_chantry.map, PATH, 4, 193, 7461, 12009.9
../maps/huge/ht_chantry.map, CELL_THEN_PATH, 4, 193, 7461, 5250.13
../maps/huge/ht_chantry.map, PATH, 5, 343, 7461, 12029.6
../maps/huge/ht_chantry.map, CELL_THEN_PATH, 5, 343, 7461, 5242.01
../maps/huge/ht_chantry.map, PATH, 6, 318, 7461, 12016
../maps/huge/ht_chantry.map, CELL_THEN_PATH, 6, 318, 7461, 5239.82
../maps/huge/ht_chantry.map, PATH, 7, 333, 7461, 11969.8
../maps/huge/ht_chantry.map, CELL_THEN_PATH, 7, 333, 7461, 5242.75
../maps/huge/ht_chantry.map, PATH, 8, 220, 7461, 12007.2
../maps/huge/ht_chantry.map, CELL_THEN_PATH, 8, 220, 7461, 5271.01
../maps/mc-forest.map, CELL, 1, 1077, 1498, 23.5844
../maps/mc-forest.map, PATH, 1, 107, 1498, 104.208
../maps/mc-forest.map, CELL_THEN_PATH, 1, 107, 1498, 95.6102
../maps/den101d.map, CELL, 1, 592, 1360, 35.2512
../maps/den101d.map, PATH, 1, 22, 1360, 83.5483
../maps/den101d.map, CELL_THEN_PATH, 1, 22, 1360, 63.5888
../maps/huge/ht_chantry.map, CELL, 1, 4029, 7461, 934.081
../maps/huge/ht_chantry.map, PATH, 1, 185, 7461, 12362.3
../maps/huge/ht_chantry.map, CELL_THEN_PATH, 1, 185, 7461, 5281.57
../maps/huge/ht_chantry.map, PATH, 2, 175, 7461, 12029.4
../maps/huge/ht_chantry.map, CELL_THEN_PATH, 2, 175, 7461, 5207.09
../maps/huge/ht_chantry.map, PATH, 3, 228, 7461, 12017.6
../maps/huge/ht_chantry.map, CELL_THEN_PATH, 3, 228, 7461, 5270.03
../maps/huge/ht_chantry.map, PATH, 4, 302, 7461, 12133.3
../maps/huge/ht_chantry.map, CELL_THEN_PATH, 4, 302, 7461, 5214.29
../maps/huge/ht_chantry.map, PATH, 5, 431, 7461, 12247.6
../maps/huge/ht_chantry.map, CELL_THEN_PATH, 5, 431, 7461, 5227.48
../maps/huge/ht_chantry.map, PATH, 6, 187, 7461, 12091.7
../maps/huge/ht_chantry.map, CELL_THEN_PATH, 6, 187, 7461, 5293.09
../maps/huge/ht_chantry.map, PATH, 7, 254, 7461, 12052.2
../maps/huge/ht_chantry.map, CELL_THEN_PATH, 7, 254, 7461, 5262.68
../maps/huge/ht_chantry.map, PATH, 8, 243, 7461, 11711.6
../maps/huge/ht_chantry.map, CELL_THEN_PATH, 8, 243, 7461, 5163.44
../maps/mc-forest.map, CELL, 1, 1124, 1498, 23.8031
../maps/mc-forest.map, PATH, 1, 98, 1498, 102.553
../maps/mc-forest.map, CELL_THEN_PATH, 1, 98, 1498, 95.673
../maps/den101d.map, CELL, 1, 632, 1360, 35.4452
../maps/den101d.map, PATH, 1, 21, 1360, 85.0122
../maps/den101d.map, CELL_THEN_PATH, 1, 21, 1360, 63.8901
../maps/huge/ht_chantry.map, CELL, 1, 4461, 7461, 934.524
../maps/huge/ht_chantry.map, PATH, 1, 183, 7461, 12360.4
../maps/huge/ht_chantry.map, CELL_THEN_PATH, 1, 183, 7461, 5304.76
../maps/huge/ht_chantry.map, PATH, 2, 233, 7461, 12103.1
../maps/huge/ht_chantry.map, CELL_THEN_PATH, 2, 233, 7461, 5250.94
../maps/huge/ht_chantry.map, PATH, 3, 308, 7461, 12608.6
../maps/huge/ht_chantry.map, CELL_THEN_PATH, 3, 308, 7461, 5298.61
../maps/huge/ht_chantry.map, PATH, 4, 185, 7461, 12032.2
../maps/huge/ht_chantry.map, CELL_THEN_PATH, 4, 185, 7461, 5278.47
../maps/huge/ht_chantry.map, PATH, 5, 255, 7461, 11891.2
../maps/huge/ht_chantry.map, CELL_THEN_PATH, 5, 255, 7461, 5224.81
../maps/huge/ht_chantry.map, PATH, 6, 325, 7461, 11985.1
../maps/huge/ht_chantry.map, CELL_THEN_PATH, 6, 325, 7461, 5252.23
../maps/huge/ht_chantry.map, PATH, 7, 214, 7461, 12204.4
../maps/huge/ht_chantry.map, CELL_THEN_PATH, 7, 214, 7461, 5204.19
../maps/huge/ht_chantry.map, PATH, 8, 205, 7461, 12104.7
../maps/huge/ht_chantry.map, CELL_THEN_PATH, 8, 205, 7461, 5185.21
../maps/mc-forest.map, CELL, 1, 1121, 1498, 23.8599
../maps/mc-forest.map, PATH, 1, 107, 1498, 103.542
../maps/mc-forest.map, CELL_THEN_PATH, 1, 107, 1498, 96.0967
../maps/den101d.map, CELL, 1, 342, 1360, 35.4521
../maps/den101d.map, PATH, 1, 22, 1360, 85.9567
../maps/den101d.map, CELL_THEN_PATH, 1, 22, 1360, 64.1205
../maps/huge/ht_chantry.map, CELL, 1, 3635, 7461, 934.894
../maps/huge/ht_chantry.map, PATH, 1, 185, 7461, 12411
../maps/huge/ht_chantry.map, CELL_THEN_PATH, 1, 185, 7461, 5299.21
../maps/huge/ht_chantry.map, PATH, 2, 191, 7461, 12477.7
../maps/huge/ht_chantry.map, CELL_THEN_PATH, 2, 191, 7461, 5341.59
../maps/huge/ht_chantry.map, PATH, 3, 250, 7461, 12434.9
../maps/huge/ht_chantry.map, CELL_THEN_PATH, 3, 250, 7461, 5275.59
../maps/huge/ht_chantry.map, PATH, 4, 165, 7461, 12024.7
../maps/huge/ht_chantry.map, CELL_THEN_PATH, 4, 165, 7461, 5262.58
../maps/huge/ht_chantry.map, PATH, 5, 220, 7461, 11960.5
../maps/huge/ht_chantry.map, CELL_THEN_PATH, 5, 220, 7461, 5282.08
../maps/huge/ht_chantry.map, PATH, 6, 203, 7461, 11982.6
../maps/huge/ht_chantry.map, CELL_THEN_PATH, 6, 203, 7461, 5204.14
../maps/huge/ht_chantry.map, PATH, 7, 436, 7461, 11866.8
../maps/huge/ht_chantry.map, CELL_THEN_PATH, 7, 436, 7461, 5239.45
../maps/huge/ht_chantry.map, PATH, 8, 241, 7461, 12147.7
../maps/huge/ht_chantry.map, CELL_THEN_PATH, 8, 241, 7461, 5264.86
../maps/mc-forest.map, CELL, 1, 1180, 1498, 23.9054
../maps/mc-forest.map, PATH, 1, 101, 1498, 104.3
../maps/mc-forest.map, CELL_THEN_PATH, 1, 101, 1498, 95.109
../maps/den101d.map, CELL, 1, 676, 1360, 35.5253
../maps/den101d.map, PATH, 1, 12, 1360, 123.877
../maps/den101d.map, CELL_THEN_PATH, 1, 12, 1360, 64.7803
../maps/huge/ht_chantry.map, CELL, 1, 3859, 7461, 934.441
../maps/huge/ht_chantry.map, PATH, 1, 152, 7461, 12435.1
../maps/huge/ht_chantry.map, CELL_THEN_PATH, 1, 152, 7461, 5347.25
../maps/huge/ht_chantry.map, PATH, 2, 248, 7461, 12024.7
../maps/huge/ht_chantry.map, CELL_THEN_PATH, 2, 248, 7461, 5223.75
../maps/huge/ht_chantry.map, PATH, 3, 251, 7461, 12133.1
../maps/huge/ht_chantry.map, CELL_THEN_PATH, 3, 251, 7461, 5287.23
../maps/huge/ht_chantry.map, PATH, 4, 289, 7461, 11985.9
../maps/huge/ht_chantry.map, CELL_THEN_PATH, 4, 289, 7461, 5216.97
../maps/huge/ht_chantry.map, PATH, 5, 179, 7461, 11980.6
../maps/huge/ht_chantry.map, CELL_THEN_PATH, 5, 179, 7461, 5228.91
../maps/huge/ht_chantry.map, PATH, 6, 270, 7461, 12220
../maps/huge/ht_chantry.map, CELL_THEN_PATH, 6, 270, 7461, 5229.24
../maps/huge/ht_chantry.map, PATH, 7, 319, 7461, 12002.7
../maps/huge/ht_chantry.map, CELL_THEN_PATH, 7, 319, 7461, 5230.42
../maps/huge/ht_chantry.map, PATH, 8, 192, 7461, 12081.6
../maps/huge/ht_chantry.map, CELL_THEN_PATH, 8, 192, 7461, 5210.81
../maps/mc-forest.map, CELL, 1, 1099, 1498, 23.8563
../maps/mc-forest.map, PATH, 1, 98, 1498, 109.611
../maps/mc-forest.map, CELL_THEN_PATH, 1, 98, 1498, 96.9909
../maps/den101d.map, CELL, 1, 573, 1360, 35.6171
../maps/den101d.map, PATH, 1, 19, 1360, 85.9123
../maps/den101d.map, CELL_THEN_PATH, 1, 19, 1360, 64.4248
../maps/huge/ht_chantry.map, CELL, 1, 4105, 7461, 935.468
../maps/huge/ht_chantry.map, PATH, 1, 185, 7461, 12269.8
../maps/huge/ht_chantry.map, CELL_THEN_PATH, 1, 185, 7461, 5352.42
../maps/huge/ht_chantry.map, PATH, 2, 227, 7461, 12093.4
../maps/huge/ht_chantry.map, CELL_THEN_PATH, 2, 227, 7461, 5229.05
../maps/huge/ht_chantry.map, PATH, 3, 338, 7461, 12069.9
../maps/huge/ht_chantry.map, CELL_THEN_PATH, 3, 338, 7461, 5273.64
../maps/huge/ht_chantry.map, PATH, 4, 280, 7461, 12192.4
../maps/huge/ht_chantry.map, CELL_THEN_PATH, 4, 280, 7461, 5214.94
../maps/huge/ht_chantry.map, PATH, 5, 345, 7461, 12216.5
../maps/huge/ht_chantry.map, CELL_THEN_PATH, 5, 345, 7461, 5214.55
../maps/huge/ht_chantry.map, PATH, 6, 200, 7461, 12495.3
../maps/huge/ht_chantry.map, CELL_THEN_PATH, 6, 200, 7461, 5210.56
../maps/huge/ht_chantry.map, PATH, 7, 390, 7461, 12021.1
../maps/huge/ht_chantry.map, CELL_THEN_PATH, 7, 390, 7461, 5164.25
../maps/huge/ht_chantry.map, PATH, 8, 224, 7461, 12337.9
../maps/huge/ht_chantry.map, CELL_THEN_PATH, 8, 224, 7461, 5310.41
../maps/mc-forest.map, CELL, 1, 1212, 1498, 23.7627
../maps/mc-forest.map, PATH, 1, 107, 1498, 105.902
../maps/mc-forest.map, CELL_THEN_PATH, 1, 107, 1498, 96.4891
../maps/den101d.map, CELL, 1, 640, 1360, 35.4419
../maps/den101d.map, PATH, 1, 21, 1360, 88.187
../maps/den101d.map, CELL_THEN_PATH, 1, 21, 1360, 65.2065
../maps/huge/ht_chantry.map, CELL, 1, 3246, 7461, 940.764
../maps/huge/ht_chantry.map, PATH, 1, 185, 7461, 12295
../maps/huge/ht_chantry.map, CELL_THEN_PATH, 1, 185, 7461, 5316.28
../maps/huge/ht_chantry.map, PATH, 2, 218, 7461, 12419.9
../maps/huge/ht_chantry.map, CELL_THEN_PATH, 2, 218, 7461, 5253.26
../maps/huge/ht_chantry.map, PATH, 3, 206, 7461, 12632.3
../maps/huge/ht_chantry.map, CELL_THEN_PATH, 3, 206, 7461, 5208.89
../maps/huge/ht_chantry.map, PATH, 4, 221, 7461, 12373.1
../maps/huge/ht_chantry.map, CELL_THEN_PATH, 4, 221, 7461, 5262.98
../maps/huge/ht_chantry.map, PATH, 5, 158, 7461, 12274.2
../maps/huge/ht_chantry.map, CELL_THEN_PATH, 5, 158, 7461, 5243.37
../maps/huge/ht_chantry.map, PATH, 6, 300, 7461, 12296.5
../maps/huge/ht_chantry.map, CELL_THEN_PATH, 6, 300, 7461, 5176.64
../maps/huge/ht_chantry.map, PATH, 7, 187, 7461, 12059.5
../maps/huge/ht_chantry.map, CELL_THEN_PATH, 7, 187, 7461, 5260.69
../maps/huge/ht_chantry.map, PATH, 8, 227, 7461, 12333.2
../maps/huge/ht_chantry.map, CELL_THEN_PATH, 8, 227, 7461, 5190.68
../maps/mc-forest.map, CELL, 1, 1128, 1498, 23.6446
../maps/mc-forest.map, PATH, 1, 107, 1498, 102.618
../maps/mc-forest.map, CELL_THEN_PATH, 1, 107, 1498, 100.712
../maps/den101d.map, CELL, 1, 427, 1360, 35.4323
../maps/den101d.map, PATH, 1, 19, 1360, 88.1124
../maps/den101d.map, CELL_THEN_PATH, 1, 19, 1360, 64.7544
../maps/huge/ht_chantry.map, CELL, 1, 4190, 7461, 939.138
../maps/huge/ht_chantry.map, PATH, 1, 182, 7461, 12226.6
../maps/huge/ht_chantry.map, CELL_THEN_PATH, 1, 182, 7461, 5300.2
../maps/huge/ht_chantry.map, PATH, 2, 178, 7461, 12081.3
../maps/huge/ht_chantry.map, CELL_THEN_PATH, 2, 178, 7461, 5361.21
../maps/huge/ht_chantry.map, PATH, 3, 186, 7461, 12367.2
../maps/huge/ht_chantry.map, CELL_THEN_PATH, 3, 186, 7461, 5270.23
../maps/huge/ht_chantry.map, PATH, 4, 164, 7461, 12106.3
../maps/huge/ht_chantry.map, CELL_THEN_PATH, 4, 164, 7461, 5181.02
../maps/huge/ht_chantry.map, PATH, 5, 309, 7461, 12602.4
../maps/huge/ht_chantry.map, CELL_THEN_PATH, 5, 309, 7461, 5185.6
../maps/huge/ht_chantry.map, PATH, 6, 204, 7461, 12320.4
../maps/huge/ht_chantry.map, CELL_THEN_PATH, 6, 204, 7461, 5188.32
../maps/huge/ht_chantry.map, PATH, 7, 341, 7461, 12396.2
../maps/huge/ht_chantry.map, CELL_THEN_PATH, 7, 341, 7461, 5200.79
../maps/huge/ht_chantry.map, PATH, 8, 252, 7461, 12287.4
../maps/huge/ht_chantry.map, CELL_THEN_PATH, 8, 252, 7461, 5238.94
../maps/mc-forest.map, CELL, 1, 1117, 1498, 23.7238
../maps/mc-forest.map, PATH, 1, 107, 1498, 102.682
../maps/mc-forest.map, CELL_THEN_PATH, 1, 107, 1498, 95.418
../maps/den101d.map, CELL, 1, 631, 1360, 35.5042
../maps/den101d.map, PATH, 1, 22, 1360, 84.1462
../maps/den101d.map, CELL_THEN_PATH, 1, 22, 1360, 63.4629
../maps/huge/ht_chantry.map, CELL, 1, 4554, 7461, 935.831
../maps/huge/ht_chantry.map, PATH, 1, 184, 7461, 12378.9
../maps/huge/ht_chantry.map, CELL_THEN_PATH, 1, 184, 7461, 5377.9
../maps/huge/ht_chantry.map, PATH, 2, 267, 7461, 12173.7
../maps/huge/ht_chantry.map, CELL_THEN_PATH, 2, 267, 7461, 5251.26
../maps/huge/ht_chantry.map, PATH, 3, 211, 7461, 12049.6
../maps/huge/ht_chantry.map, CELL_THEN_PATH, 3, 211, 7461, 5313.81
../maps/huge/ht_chantry.map, PATH, 4, 290, 7461, 12045
../maps/huge/ht_chantry.map, CELL_THEN_PATH, 4, 290, 7461, 5199.83
../maps/huge/ht_chantry.map, PATH, 5, 155, 7461, 12065.3
../maps/huge/ht_chantry.map, CELL_THEN_PATH, 5, 155, 7461, 5237.15
../maps/huge/ht_chantry.map, PATH, 6, 301, 7461, 12234
../maps/huge/ht_chantry.map, CELL_THEN_PATH, 6, 301, 7461, 5212.32
../maps/huge/ht_chantry.map, PATH, 7, 155, 7461, 12254.8
../maps/huge/ht_chantry.map, CELL_THEN_PATH, 7, 155, 7461, 5255.08
../maps/huge/ht_chantry.map, PATH, 8, 398, 7461, 12196.8
../maps/huge/ht_chantry.map, CELL_THEN_PATH, 8, 398, 7461, 5203.79
../maps/mc-forest.map, CELL, 1, 1086, 1498, 23.8596
../maps/mc-forest.map, PATH, 1, 103, 1498, 102.627
../maps/mc-forest.map, CELL_THEN_PATH, 1, 103, 1498, 99.3428
../maps/den101d.map, CELL, 1, 325, 1360, 35.4141
../maps/den101d.map, PATH, 1, 22, 1360, 87.306
../maps/den101d.map, CELL_THEN_PATH, 1, 22, 1360, 65.082
../maps/huge/ht_chantry.map, CELL, 1, 4163, 7461, 933.516
../maps/huge/ht_chantry.map, PATH, 1, 184, 7461, 12294.6
../maps/huge/ht_chantry.map, CELL_THEN_PATH, 1, 184, 7461, 5318.9
../maps/huge/ht_chantry.map, PATH, 2, 215, 7461, 12215.4
../maps/huge/ht_chantry.map, CELL_THEN_PATH, 2, 215, 7461, 5243.06
../maps/huge/ht_chantry.map, PATH, 3, 222, 7461, 11923.8
../maps/huge/ht_chantry.map, CELL_THEN_PATH, 3, 222, 7461, 5214.22
../maps/huge/ht_chantry.map, PATH, 4, 155, 7461, 12057.6
../maps/huge/ht_chantry.map, CELL_THEN_PATH, 4, 155, 7461, 5351.81
../maps/huge/ht_chantry.map, PATH, 5, 188, 7461, 11923.2
../maps/huge/ht_chantry.map, CELL_THEN_PATH, 5, 188, 7461, 5202.7
../maps/huge/ht_chantry.map, PATH, 6, 197, 7461, 12271.4
../maps/huge/ht_chantry.map, CELL_THEN_PATH, 6, 197, 7461, 5262.85
../maps/huge/ht_chantry.map, PATH, 7, 415, 7461, 11941.3
../maps/huge/ht_chantry.map, CELL_THEN_PATH, 7, 415, 7461, 5234.07
../maps/huge/ht_chantry.map, PATH, 8, 314, 7461, 12023.1
../maps/huge/ht_chantry.map, CELL_THEN_PATH, 8, 314, 7461, 5248.1
../maps/mc-forest.map, CELL, 1, 1199, 1498, 23.6971
../maps/mc-forest.map, PATH, 1, 107, 1498, 105.662
../maps/mc-forest.map, CELL_THEN_PATH, 1, 107, 1498, 98.1872
../maps/den101d.map, CELL, 1, 555, 1360, 35.5039
../maps/den101d.map, PATH, 1, 21, 1360, 88.0801
../maps/den101d.map, CELL_THEN_PATH, 1, 21, 1360, 65.1696
../maps/huge/ht_chantry.map, CELL, 1, 4086, 7461, 935.677
../maps/huge/ht_chantry.map, PATH, 1, 153, 7461, 12265.6
../maps/huge/ht_chantry.map, CELL_THEN_PATH, 1, 153, 7461, 5399.33
../maps/huge/ht_chantry.map, PATH, 2, 199, 7461, 12167.1
../maps/huge/ht_chantry.map, CELL_THEN_PATH, 2, 199, 7461, 5291.93
../maps/huge/ht_chantry.map, PATH, 3, 215, 7461, 12239
../maps/huge/ht_chantry.map, CELL_THEN_PATH, 3, 215, 7461, 5206.14
../maps/huge/ht_chantry.map, PATH, 4, 268, 7461, 12056.4
../maps/huge/ht_chantry.map, CELL_THEN_PATH, 4, 268, 7461, 5212.01
../maps/huge/ht_chantry.map, PATH, 5, 268, 7461, 12292
../maps/huge/ht_chantry.map, CELL_THEN_PATH, 5, 268, 7461, 5310.13
../maps/huge/ht_chantry.map, PATH, 6, 227, 7461, 12297.9
../maps/huge/ht_chantry.map, CELL_THEN_PATH, 6, 227, 7461, 5350.62
../maps/huge/ht_chantry.map, PATH, 7, 420, 7461, 12153.3
../maps/huge/ht_chantry.map, CELL_THEN_PATH, 7, 420, 7461, 5237
../maps/huge/ht_chantry.map, PATH, 8, 212, 7461, 11951.2
../maps/huge/ht_chantry.map, CELL_THEN_PATH, 8, 212, 7461, 5245.35
../maps/mc-forest.map, CELL, 1, 1164, 1498, 23.5683
../maps/mc-forest.map, PATH, 1, 102, 1498, 104.638
../maps/mc-forest.map, CELL_THEN_PATH, 1, 102, 1498, 97.0908
../maps/den101d.map, CELL, 1, 559, 1360, 35.2221
../maps/den101d.map, PATH, 1, 21, 1360, 87.6798
../maps/den101d.map, CELL_THEN_PATH, 1, 21, 1360, 64.9051
../maps/huge/ht_chantry.map, CELL, 1, 3964, 7461, 936.951
../maps/huge/ht_chantry.map, PATH, 1, 179, 7461, 12389.8
../maps/huge/ht_chantry.map, CELL_THEN_PATH, 1, 179, 7461, 5237.99
../maps/huge/ht_chantry.map, PATH, 2, 312, 7461, 12151.4
../maps/huge/ht_chantry.map, CELL_THEN_PATH, 2, 312, 7461, 5201.21
../maps/huge/ht_chantry.map, PATH, 3, 182, 7461, 12180.7
../maps/huge/ht_chantry.map, CELL_THEN_PATH, 3, 182, 7461, 5198.37
../maps/huge/ht_chantry.map, PATH, 4, 278, 7461, 12256.9
../maps/huge/ht_chantry.map, CELL_THEN_PATH, 4, 278, 7461, 5285.5
../maps/huge/ht_chantry.map, PATH, 5, 272, 7461, 12679.8
../maps/huge/ht_chantry.map, CELL_THEN_PATH, 5, 272, 7461, 5300.63
../maps/huge/ht_chantry.map, PATH, 6, 244, 7461, 12014.6
../maps/huge/ht_chantry.map, CELL_THEN_PATH, 6, 244, 7461, 5209
../maps/huge/ht_chantry.map, PATH, 7, 351, 7461, 12046.2
../maps/huge/ht_chantry.map, CELL_THEN_PATH, 7, 351, 7461, 5219.62
../maps/huge/ht_chantry.map, PATH, 8, 166, 7461, 12080
../maps/huge/ht_chantry.map, CELL_THEN_PATH, 8, 166, 7461, 5262.72
../maps/mc-forest.map, CELL, 1, 1114, 1498, 23.822
../maps/mc-forest.map, PATH, 1, 107, 1498, 103.062
../maps/mc-forest.map, CELL_THEN_PATH, 1, 107, 1498, 95.7589
../maps/den101d.map, CELL, 1, 555, 1360, 35.4301
../maps/den101d.map, PATH, 1, 21, 1360, 87.3617
../maps/den101d.map, CELL_THEN_PATH, 1, 21, 1360, 64.6149
../maps/huge/ht_chantry.map, CELL, 1, 3272, 7461, 936.895
../maps/huge/ht_chantry.map, PATH, 1, 185, 7461, 12379.2
../maps/huge/ht_chantry.map, CELL_THEN_PATH, 1, 185, 7461, 5367.31
../maps/huge/ht_chantry.map, PATH, 2, 171, 7461, 12260.6
../maps/huge/ht_chantry.map, CELL_THEN_PATH, 2, 171, 7461, 5219.22
../maps/huge/ht_chantry.map, PATH, 3, 272, 7461, 12767.3
../maps/huge/ht_chantry.map, CELL_THEN_PATH, 3, 272, 7461, 5339.03
../maps/huge/ht_chantry.map, PATH, 4, 329, 7461, 12435.5
../maps/huge/ht_chantry.map, CELL_THEN_PATH, 4, 329, 7461, 5249.26
../maps/huge/ht_chantry.map, PATH, 5, 211, 7461, 12104.3
../maps/huge/ht_chantry.map, CELL_THEN_PATH, 5, 211, 7461, 5362.79
../maps/huge/ht_chantry.map, PATH, 6, 283, 7461, 11991.9
../maps/huge/ht_chantry.map, CELL_THEN_PATH, 6, 283, 7461, 5239.83
../maps/huge/ht_chantry.map, PATH, 7, 306, 7461, 12000.4
../maps/huge/ht_chantry.map, CELL_THEN_PATH, 7, 306, 7461, 5257.62
../maps/huge/ht_chantry.map, PATH, 8, 158, 7461, 12162.7
../maps/huge/ht_chantry.map, CELL_THEN_PATH, 8, 158, 7461, 5298.85
../maps/mc-forest.map, CELL, 1, 964, 1498, 23.7683
../maps/mc-forest.map, PATH, 1, 104, 1498, 106.051
../maps/mc-forest.map, CELL_THEN_PATH, 1, 104, 1498, 95.2748
../maps/den101d.map, CELL, 1, 614, 1360, 35.6318
../maps/den101d.map, PATH, 1, 21, 1360, 87.7971
../maps/den101d.map, CELL_THEN_PATH, 1, 21, 1360, 64.793
../maps/huge/ht_chantry.map, CELL, 1, 4150, 7461, 936.564
../maps/huge/ht_chantry.map, PATH, 1, 177, 7461, 12116.9
../maps/huge/ht_chantry.map, CELL_THEN_PATH, 1, 177, 7461, 5317.93
../maps/huge/ht_chantry.map, PATH, 2, 185, 7461, 12692.4
../maps/huge/ht_chantry.map, CELL_THEN_PATH, 2, 185, 7461, 5298.97
../maps/huge/ht_chantry.map, PATH, 3, 302, 7461, 11867.4
../maps/huge/ht_chantry.map, CELL_THEN_PATH, 3, 302, 7461, 5231.71
../maps/huge/ht_chantry.map, PATH, 4, 268, 7461, 12091.7
../maps/huge/ht_chantry.map, CELL_THEN_PATH, 4, 268, 7461, 5263.38
../maps/huge/ht_chantry.map, PATH, 5, 224, 7461, 12196.7
../maps/huge/ht_chantry.map, CELL_THEN_PATH, 5, 224, 7461, 5232.15
../maps/huge/ht_chantry.map, PATH, 6, 289, 7461, 12163.5
../maps/huge/ht_chantry.map, CELL_THEN_PATH, 6, 289, 7461, 5323.21
../maps/huge/ht_chantry.map, PATH, 7, 273, 7461, 12035.7
../maps/huge/ht_chantry.map, CELL_THEN_PATH, 7, 273, 7461, 5221.05
../maps/huge/ht_chantry.map, PATH, 8, 181, 7461, 12178
../maps/huge/ht_chantry.map, CELL_THEN_PATH, 8, 181, 7461, 5272.09
../maps/mc-forest.map, CELL, 1, 1168, 1498, 23.9734
../maps/mc-forest.map, PATH, 1, 107, 1498, 102.086
../maps/mc-forest.map, CELL_THEN_PATH, 1, 107, 1498, 95.2622
../maps/den101d.map, CELL, 1, 661, 1360, 35.4449
../maps/den101d.map, PATH, 1, 21, 1360, 87.2552
../maps/den101d.map, CELL_THEN_PATH, 1, 21, 1360, 65.6156
../maps/huge/ht_chantry.map, CELL, 1, 3241, 7461, 935.049
../maps/huge/ht_chantry.map, PATH, 1, 184, 7461, 12475.8
../maps/huge/ht_chantry.map, CELL_THEN_PATH, 1, 184, 7461, 5360.77
../maps/huge/ht_chantry.map, PATH, 2, 214, 7461, 12669.9
../maps/huge/ht_chantry.map, CELL_THEN_PATH, 2, 214, 7461, 5324.43
../maps/huge/ht_chantry.map, PATH, 3, 277, 7461, 12459.3
../maps/huge/ht_chantry.map, CELL_THEN_PATH, 3, 277, 7461, 5297
../maps/huge/ht_chantry.map, PATH, 4, 145, 7461, 12163.5
../maps/huge/ht_chantry.map, CELL_THEN_PATH, 4, 145, 7461, 5201.29
../maps/huge/ht_chantry.map, PATH, 5, 185, 7461, 12246.6
../maps/huge/ht_chantry.map, CELL_THEN_PATH, 5, 185, 7461, 5287.06
../maps/huge/ht_chantry.map, PATH, 6, 335, 7461, 12189.7
../maps/huge/ht_chantry.map, CELL_THEN_PATH, 6, 335, 7461, 5187.38
../maps/huge/ht_chantry.map, PATH, 7, 267, 7461, 12343.2
../maps/huge/ht_chantry.map, CELL_THEN_PATH, 7, 267, 7461, 5150.59
../maps/huge/ht_chantry.map, PATH, 8, 207, 7461, 12371
../maps/huge/ht_chantry.map, CELL_THEN_PATH, 8, 207, 7461, 5204.79
../maps/mc-forest.map, CELL, 1, 1147, 1498, 23.5712
../maps/mc-forest.map, PATH, 1, 107, 1498, 106.193
../maps/mc-forest.map, CELL_THEN_PATH, 1, 107, 1498, 96.2914
../maps/den101d.map, CELL, 1, 448, 1360, 35.2715
../maps/den101d.map, PATH, 1, 22, 1360, 86.9226
../maps/den101d.map, CELL_THEN_PATH, 1, 22, 1360, 64.0701
../maps/huge/ht_chantry.map, CELL, 1, 4120, 7461, 932.814
../maps/huge/ht_chantry.map, PATH, 1, 184, 7461, 12321.3
../maps/huge/ht_chantry.map, CELL_THEN_PATH, 1, 184, 7461, 5336.73
../maps/huge/ht_chantry.map, PATH, 2, 227, 7461, 12588.5
../maps/huge/ht_chantry.map, CELL_THEN_PATH, 2, 227, 7461, 5269.26
../maps/huge/ht_chantry.map, PATH, 3, 265, 7461, 12168
../maps/huge/ht_chantry.map, CELL_THEN_PATH, 3, 265, 7461, 5217.84
../maps/huge/ht_chantry.map, PATH, 4, 301, 7461, 12055.5
../maps/huge/ht_chantry.map, CELL_THEN_PATH, 4, 301, 7461, 5262.91
../maps/huge/ht_chantry.map, PATH, 5, 341, 7461, 11923.4
../maps/huge/ht_chantry.map, CELL_THEN_PATH, 5, 341, 7461, 5202.77
../maps/huge/ht_chantry.map, PATH, 6, 272, 7461, 12037.7
../maps/huge/ht_chantry.map, CELL_THEN_PATH, 6, 272, 7461, 5233.98
../maps/huge/ht_chantry.map, PATH, 7, 245, 7461, 11960.8
../maps/huge/ht_chantry.map, CELL_THEN_PATH, 7, 245, 7461, 5303.66
../maps/huge/ht_chantry.map, PATH, 8, 173, 7461, 12092.2
../maps/huge/ht_chantry.map, CELL_THEN_PATH, 8, 173, 7461, 5247.07
../maps/mc-forest.map, CELL, 1, 999, 1498, 23.8149
../maps/mc-forest.map, PATH, 1, 102, 1498, 103.419
../maps/mc-forest.map, CELL_THEN_PATH, 1, 102, 1498, 100.775
../maps/den101d.map, CELL, 1, 330, 1360, 35.3949
../maps/den101d.map, PATH, 1, 22, 1360, 83.76
../maps/den101d.map, CELL_THEN_PATH, 1, 22, 1360, 63.248
../maps/huge/ht_chantry.map, CELL, 1, 4521, 7461, 938.706
../maps/huge/ht_chantry.map, PATH, 1, 184, 7461, 12378.2
../maps/huge/ht_chantry.map, CELL_THEN_PATH, 1, 184, 7461, 5363.63
../maps/huge/ht_chantry.map, PATH, 2, 187, 7461, 12345.8
../maps/huge/ht_chantry.map, CELL_THEN_PATH, 2, 187, 7461, 5311.42
../maps/huge/ht_chantry.map, PATH, 3, 243, 7461, 12026.4
../maps/huge/ht_chantry.map, CELL_THEN_PATH, 3, 243, 7461, 5290.23
../maps/huge/ht_chantry.map, PATH, 4, 368, 7461, 12181
../maps/huge/ht_chantry.map, CELL_THEN_PATH, 4, 368, 7461, 5250.04
../maps/huge/ht_chantry.map, PATH, 5, 221, 7461, 12170.1
../maps/huge/ht_chantry.map, CELL_THEN_PATH, 5, 221, 7461, 5261.15
../maps/huge/ht_chantry.map, PATH, 6, 357, 7461, 12124.6
../maps/huge/ht_chantry.map, CELL_THEN_PATH, 6, 357, 7461, 5195.64
../maps/huge/ht_chantry.map, PATH, 7, 178, 7461, 11987.1
../maps/huge/ht_chantry.map, CELL_THEN_PATH, 7, 178, 7461, 5188.6
../maps/huge/ht_chantry.map, PATH, 8, 206, 7461, 12122.5
../maps/huge/ht_chantry.map, CELL_THEN_PATH, 8, 206, 7461, 5261.48
../maps/mc-forest.map, CELL, 1, 1074, 1498, 23.8245
../maps/mc-forest.map, PATH, 1, 86, 1498, 103.679
../maps/mc-forest.map, CELL_THEN_PATH, 1, 86, 1498, 95.1441
../maps/den101d.map, CELL, 1, 568, 1360, 35.6542
../maps/den101d.map, PATH, 1, 22, 1360, 87.8977
../maps/den101d.map, CELL_THEN_PATH, 1, 22, 1360, 64.4318
../maps/huge/ht_chantry.map, CELL, 1, 4059, 7461, 937.626
../maps/huge/ht_chantry.map, PATH, 1, 174, 7461, 12254.4
../maps/huge/ht_chantry.map, CELL_THEN_PATH, 1, 174, 7461, 5293.01
../maps/huge/ht_chantry.map, PATH, 2, 238, 7461, 12059.4
../maps/huge/ht_chantry.map, CELL_THEN_PATH, 2, 238, 7461, 5225.43
../maps/huge/ht_chantry.map, PATH, 3, 173, 7461, 12408.4
../maps/huge/ht_chantry.map, CELL_THEN_PATH, 3, 173, 7461, 5230.16
../maps/huge/ht_chantry.map, PATH, 4, 367, 7461, 11932.2
../maps/huge/ht_chantry.map, CELL_THEN_PATH, 4, 367, 7461, 5232.97
../maps/huge/ht_chantry.map, PATH, 5, 211, 7461, 12273.8
../maps/huge/ht_chantry.map, CELL_THEN_PATH, 5, 211, 7461, 5263.37
../maps/huge/ht_chantry.map, PATH, 6, 400, 7461, 11941.5
../maps/huge/ht_chantry.map, CELL_THEN_PATH, 6, 400, 7461, 5255.17
../maps/huge/ht_chantry.map, PATH, 7, 351, 7461, 11859.1
../maps/huge/ht_chantry.map, CELL_THEN_PATH, 7, 351, 7461, 5204.92
../maps/huge/ht_chantry.map, PATH, 8, 254, 7461, 12308.5
../maps/huge/ht_chantry.map, CELL_THEN_PATH, 8, 254, 7461, 5195.14
../maps/mc-forest.map, CELL, 1, 1045, 1498, 23.7021
../maps/mc-forest.map, PATH, 1, 103, 1498, 105.376
../maps/mc-forest.map, CELL_THEN_PATH, 1, 103, 1498, 94.7692
../maps/den101d.map, CELL, 1, 592, 1360, 35.4506
../maps/den101d.map, PATH, 1, 21, 1360, 88.1442
../maps/den101d.map, CELL_THEN_PATH, 1, 21, 1360, 64.8704
../maps/huge/ht_chantry.map, CELL, 1, 2842, 7461, 934.887
../maps/huge/ht_chantry.map, PATH, 1, 184, 7461, 12406
../maps/huge/ht_chantry.map, CELL_THEN_PATH, 1, 184, 7461, 5329.37
../maps/huge/ht_chantry.map, PATH, 2, 209, 7461, 12115.4
../maps/huge/ht_chantry.map, CELL_THEN_PATH, 2, 209, 7461, 5342.2
../maps/huge/ht_chantry.map, PATH, 3, 247, 7461, 12137.5
../maps/huge/ht_chantry.map, CELL_THEN_PATH, 3, 247, 7461, 5254.73
../maps/huge/ht_chantry.map, PATH, 4, 153, 7461, 12332.4
../maps/huge/ht_chantry.map, CELL_THEN_PATH, 4, 153, 7461, 5196.52
../maps/huge/ht_chantry.map, PATH, 5, 174, 7461, 12050.3
../maps/huge/ht_chantry.map, CELL_THEN_PATH, 5, 174, 7461, 5310.09
../maps/huge/ht_chantry.map, PATH, 6, 205, 7461, 12249
../maps/huge/ht_chantry.map, CELL_THEN_PATH, 6, 205, 7461, 5244.44
../maps/huge/ht_chantry.map, PATH, 7, 282, 7461, 12270
../maps/huge/ht_chantry.map, CELL_THEN_PATH, 7, 282, 7461, 5193.92
../maps/huge/ht_chantry.map, PATH, 8, 208, 7461, 12326.7
../maps/huge/ht_chantry.map, CELL_THEN_PATH, 8, 208, 7461, 5265.96
../maps/mc-forest.map, CELL, 1, 1093, 1498, 23.8288
../maps/mc-forest.map, PATH, 1, 93, 1498, 108.887
../maps/mc-forest.map, CELL_THEN_PATH, 1, 93, 1498, 95.4104
../maps/den101d.map, CELL, 1, 407, 1360, 35.2453
../maps/den101d.map, PATH, 1, 22, 1360, 84.5884
../maps/den101d.map, CELL_THEN_PATH, 1, 22, 1360, 63.5709
../maps/huge/ht_chantry.map, CELL, 1, 3135, 7461, 934.817
../maps/huge/ht_chantry.map, PATH, 1, 185, 7461, 12176.6
../maps/huge/ht_chantry.map, CELL_THEN_PATH, 1, 185, 7461, 5321.22
../maps/huge/ht_chantry.map, PATH, 2, 179, 7461, 12297.9
../maps/huge/ht_chantry.map, CELL_THEN_PATH, 2, 179, 7461, 5188.75
../maps/huge/ht_chantry.map, PATH, 3, 186, 7461, 12225.3
../maps/huge/ht_chantry.map, CELL_THEN_PATH, 3, 186, 7461, 5248.41
../maps/huge/ht_chantry.map, PATH, 4, 416, 7461, 12013.4
../maps/huge/ht_chantry.map, CELL_THEN_PATH, 4, 416, 7461, 5259.95
../maps/huge/ht_chantry.map, PATH, 5, 154, 7461, 12256.2
../maps/huge/ht_chantry.map, CELL_THEN_PATH, 5, 154, 7461, 5174.99
../maps/huge/ht_chantry.map, PATH, 6, 225, 7461, 12121.7
../maps/huge/ht_chantry.map, CELL_THEN_PATH, 6, 225, 7461, 5148.68
../maps/huge/ht_chantry.map, PATH, 7, 346, 7461, 12186.2
../maps/huge/ht_chantry.map, CELL_THEN_PATH, 7, 346, 7461, 5277.93
../maps/huge/ht_chantry.map, PATH, 8, 272, 7461, 12184.3
../maps/huge/ht_chantry.map, CELL_THEN_PATH, 8, 272, 7461, 5246.9
../maps/mc-forest.map, CELL, 1, 1010, 1498, 23.7559
../maps/mc-forest.map, PATH, 1, 105, 1498, 103.029
../maps/mc-forest.map, CELL_THEN_PATH, 1, 105, 1498, 98.1696
../maps/den101d.map, CELL, 1, 680, 1360, 35.3802
../maps/den101d.map, PATH, 1, 15, 1360, 88.651
../maps/den101d.map, CELL_THEN_PATH, 1, 15, 1360, 64.7747
../maps/huge/ht_chantry.map, CELL, 1, 2922, 7461, 937.301
../maps/huge/ht_chantry.map, PATH, 1, 183, 7461, 12458.7
../maps/huge/ht_chantry.map, CELL_THEN_PATH, 1, 183, 7461, 5266.24
../maps/huge/ht_chantry.map, PATH, 2, 234, 7461, 12006.5
../maps/huge/ht_chantry.map, CELL_THEN_PATH, 2, 234, 7461, 5204.78
../maps/huge/ht_chantry.map, PATH, 3, 205, 7461, 12328.6
../maps/huge/ht_chantry.map, CELL_THEN_PATH, 3, 205, 7461, 5210.09
../maps/huge/ht_chantry.map, PATH, 4, 163, 7461, 12121.6
../maps/huge/ht_chantry.map, CELL_THEN_PATH, 4, 163, 7461, 5238.58
../maps/huge/ht_chantry.map, PATH, 5, 230, 7461, 12076.2
../maps/huge/ht_chantry.map, CELL_THEN_PATH, 5, 230, 7461, 5230.24
../maps/huge/ht_chantry.map, PATH, 6, 325, 7461, 12161.8
../maps/huge/ht_chantry.map, CELL_THEN_PATH, 6, 325, 7461, 5136.73
../maps/huge/ht_chantry.map, PATH, 7, 360, 7461, 12190.5
../maps/huge/ht_chantry.map, CELL_THEN_PATH, 7, 360, 7461, 5214.92
../maps/huge/ht_chantry.map, PATH, 8, 428, 7461, 12100.4
../maps/huge/ht_chantry.map, CELL_THEN_PATH, 8, 428, 7461, 5182.43
../maps/mc-forest.map, CELL, 1, 1113, 1498, 23.7692
../maps/mc-forest.map, PATH, 1, 105, 1498, 102.488
../maps/mc-forest.map, CELL_THEN_PATH, 1, 105, 1498, 96.1265
../maps/den101d.map, CELL, 1, 539, 1360, 35.4456
../maps/den101d.map, PATH, 1, 20, 1360, 86.8548
../maps/den101d.map, CELL_THEN_PATH, 1, 20, 1360, 64.8143
../maps/huge/ht_chantry.map, CELL, 1, 4293, 7461, 937.79
../maps/huge/ht_chantry.map, PATH, 1, 185, 7461, 12127.7
../maps/huge/ht_chantry.map, CELL_THEN_PATH, 1, 185, 7461, 5340.03
../maps/huge/ht_chantry.map, PATH, 2, 230, 7461, 12123.2
../maps/huge/ht_chantry.map, CELL_THEN_PATH, 2, 230, 7461, 5212.44
../maps/huge/ht_chantry.map, PATH, 3, 230, 7461, 12140.3
../maps/huge/ht_chantry.map, CELL_THEN_PATH, 3, 230, 7461, 5265.13
../maps/huge/ht_chantry.map, PATH, 4, 349, 7461, 11954.8
../maps/huge/ht_chantry.map, CELL_THEN_PATH, 4, 349, 7461, 5198.01
../maps/huge/ht_chantry.map, PATH, 5, 263, 7461, 12322.6
../maps/huge/ht_chantry.map, CELL_THEN_PATH, 5, 263, 7461, 5224.08
../maps/huge/ht_chantry.map, PATH, 6, 229, 7461, 12125.4
../maps/huge/ht_chantry.map, CELL_THEN_PATH, 6, 229, 7461, 5269.43
../maps/huge/ht_chantry.map, PATH, 7, 271, 7461, 12103.4
../maps/huge/ht_chantry.map, CELL_THEN_PATH, 7, 271, 7461, 5246.99
../maps/huge/ht_chantry.map, PATH, 8, 221, 7461, 11966.2
../maps/huge/ht_chantry.map, CELL_THEN_PATH, 8, 221, 7461, 5220.36
../maps/mc-forest.map, CELL, 1, 1119, 1498, 23.9829
../maps/mc-forest.map, PATH, 1, 105, 1498, 104.927
../maps/mc-forest.map, CELL_THEN_PATH, 1, 105, 1498, 95.5948
../maps/den101d.map, CELL, 1, 624, 1360, 35.4662
../maps/den101d.map, PATH, 1, 22, 1360, 85.5164
../maps/den101d.map, CELL_THEN_PATH, 1, 22, 1360, 64.1702
../maps/huge/ht_chantry.map, CELL, 1, 4522, 7461, 936.393
../maps/huge/ht_chantry.map, PATH, 1, 182, 7461, 12187.8
../maps/huge/ht_chantry.map, CELL_THEN_PATH, 1, 182, 7461, 5296.63
../maps/huge/ht_chantry.map, PATH, 2, 223, 7461, 12215.6
../maps/huge/ht_chantry.map, CELL_THEN_PATH, 2, 223, 7461, 5218.57
../maps/huge/ht_chantry.map, PATH, 3, 235, 7461, 11804
../maps/huge/ht_chantry.map, CELL_THEN_PATH, 3, 235, 7461, 5234.23
../maps/huge/ht_chantry.map, PATH, 4, 193, 7461, 12216
../maps/huge/ht_chantry.map, CELL_THEN_PATH, 4, 193, 7461, 5383.51
../maps/huge/ht_chantry.map, PATH, 5, 216, 7461, 12106.7
../maps/huge/ht_chantry.map, CELL_THEN_PATH, 5, 216, 7461, 5356.74
../maps/huge/ht_chantry.map, PATH, 6, 239, 7461, 12000.5
../maps/huge/ht_chantry.map, CELL_THEN_PATH, 6, 239, 7461, 5243.29
../maps/huge/ht_chantry.map, PATH, 7, 353, 7461, 12151.5
../maps/huge/ht_chantry.map, CELL_THEN_PATH, 7, 353, 7461, 5220.8
../maps/huge/ht_chantry.map, PATH, 8, 499, 7461, 11897.8
../maps/huge/ht_chantry.map, CELL_THEN_PATH, 8, 499, 7461, 5292.98
../maps/mc-forest.map, CELL, 1, 1134, 1498, 23.6779
../maps/mc-forest.map, PATH, 1, 103, 1498, 104.047
../maps/mc-forest.map, CELL_THEN_PATH, 1, 103, 1498, 96.0986
../maps/den101d.map, CELL, 1, 357, 1360, 35.5078
../maps/den101d.map, PATH, 1, 22, 1360, 83.7242
../maps/den101d.map, CELL_THEN_PATH, 1, 22, 1360, 62.8742
../maps/huge/ht_chantry.map, CELL, 1, 4339, 7461, 934.311
../maps/huge/ht_chantry.map, PATH, 1, 185, 7461, 12328.4
../maps/huge/ht_chantry.map, CELL_THEN_PATH, 1, 185, 7461, 5307.74
../maps/huge/ht_chantry.map, PATH, 2, 186, 7461, 11980.8
../maps/huge/ht_chantry.map, CELL_THEN_PATH, 2, 186, 7461, 5256.95
../maps/huge/ht_chantry.map, PATH, 3, 265, 7461, 11894.7
../maps/huge/ht_chantry.map, CELL_THEN_PATH, 3, 265, 7461, 5190.15
../maps/huge/ht_chantry.map, PATH, 4, 307, 7461, 12081.9
../maps/huge/ht_chantry.map, CELL_THEN_PATH, 4, 307, 7461, 5225.02
../maps/huge/ht_chantry.map, PATH, 5, 124, 7461, 11886.3
../maps/huge/ht_chantry.map, CELL_THEN_PATH, 5, 124, 7461, 5298.91
../maps/huge/ht_chantry.map, PATH, 6, 202, 7461, 11993.3
../maps/huge/ht_chantry.map, CELL_THEN_PATH, 6, 202, 7461, 5312.8
../maps/huge/ht_chantry.map, PATH, 7, 235, 7461, 12292.9
../maps/huge/ht_chantry.map, CELL_THEN_PATH, 7, 235, 7461, 5224.33
../maps/huge/ht_chantry.map, PATH, 8, 282, 7461, 12240.6
../maps/huge/ht_chantry.map, CELL_THEN_PATH, 8, 282, 7461, 5221.73
../maps/mc-forest.map, CELL, 1, 1174, 1498, 23.9228
../maps/mc-forest.map, PATH, 1, 105, 1498, 104.041
../maps/mc-forest.map, CELL_THEN_PATH, 1, 105, 1498, 95.0982
../maps/den101d.map, CELL, 1, 563, 1360, 35.4137
../maps/den101d.map, PATH, 1, 20, 1360, 85.0253
../maps/den101d.map, CELL_THEN_PATH, 1, 20, 1360, 64.3655
../maps/huge/ht_chantry.map, CELL, 1, 4026, 7461, 935.268
../maps/huge/ht_chantry.map, PATH, 1, 176, 7461, 12060.8
../maps/huge/ht_chantry.map, CELL_THEN_PATH, 1, 176, 7461, 5301.49
../maps/huge/ht_chantry.map, PATH, 2, 198, 7461, 12240.6
../maps/huge/ht_chantry.map, CELL_THEN_PATH, 2, 198, 7461, 5453.15
../maps/huge/ht_chantry.map, PATH, 3, 200, 7461, 12259.7
../maps/huge/ht_chantry.map, CELL_THEN_PATH, 3, 200, 7461, 5200.16
../maps/huge/ht_chantry.map, PATH, 4, 245, 7461, 12051.6
../maps/huge/ht_chantry.map, CELL_THEN_PATH, 4, 245, 7461, 5210.58
../maps/huge/ht_chantry.map, PATH, 5, 254, 7461, 12134.9
../maps/huge/ht_chantry.map, CELL_THEN_PATH, 5, 254, 7461, 5223.3
../maps/huge/ht_chantry.map, PATH, 6, 196, 7461, 12376.2
../maps/huge/ht_chantry.map, CELL_THEN_PATH, 6, 196, 7461, 5234.36
../maps/huge/ht_chantry.map, PATH, 7, 263, 7461, 12357.8
../maps/huge/ht_chantry.map, CELL_THEN_PATH, 7, 263, 7461, 5243.65
../maps/huge/ht_chantry.map, PATH, 8, 278, 7461, 12014
../maps/huge/ht_chantry.map, CELL_THEN_PATH, 8, 278, 7461, 5247.96
../maps/mc-forest.map, CELL, 1, 1089, 1498, 23.9067
../maps/mc-forest.map, PATH, 1, 107, 1498, 156.082
../maps/mc-forest.map, CELL_THEN_PATH, 1, 107, 1498, 98.7235
../maps/den101d.map, CELL, 1, 479, 1360, 35.7949
../maps/den101d.map, PATH, 1, 22, 1360, 86.0778
../maps/den101d.map, CELL_THEN_PATH, 1, 22, 1360, 63.6069
../maps/huge/ht_chantry.map, CELL, 1, 3362, 7461, 938.426
../maps/huge/ht_chantry.map, PATH, 1, 185, 7461, 12350.3
../maps/huge/ht_chantry.map, CELL_THEN_PATH, 1, 185, 7461, 5390.64
../maps/huge/ht_chantry.map, PATH, 2, 230, 7461, 12227.9
../maps/huge/ht_chantry.map, CELL_THEN_PATH, 2, 230, 7461, 5417.23
../maps/huge/ht_chantry.map, PATH, 3, 211, 7461, 12112.2
../maps/huge/ht_chantry.map, CELL_THEN_PATH, 3, 211, 7461, 5257.77
../maps/huge/ht_chantry.map, PATH, 4, 197, 7461, 12245.3
../maps/huge/ht_chantry.map, CELL_THEN_PATH, 4, 197, 7461, 5196.05
../maps/huge/ht_chantry.map, PATH, 5, 293, 7461, 12048.1
../maps/huge/ht_chantry.map, CELL_THEN_PATH, 5, 293, 7461, 5273.91
../maps/huge/ht_chantry.map, PATH, 6, 174, 7461, 12049.5
../maps/huge/ht_chantry.map, CELL_THEN_PATH, 6, 174, 7461, 5190.87
../maps/huge/ht_chantry.map, PATH, 7, 269, 7461, 12238.7
../maps/huge/ht_chantry.map, CELL_THEN_PATH, 7, 269, 7461, 5230.94
../maps/huge/ht_chantry.map, PATH, 8, 179, 7461, 12061.9
../maps/huge/ht_chantry.map, CELL_THEN_PATH, 8, 179, 7461, 5305.66
../maps/mc-forest.map, CELL, 1, 1012, 1498, 23.8971
../maps/mc-forest.map, PATH, 1, 104, 1498, 106.587
../maps/mc-forest.map, CELL_THEN_PATH, 1, 104, 1498, 94.7242
../maps/den101d.map, CELL, 1, 526, 1360, 35.4063
../maps/den101d.map, PATH, 1, 22, 1360, 85.9955
../maps/den101d.map, CELL_THEN_PATH, 1, 22, 1360, 64.8391
../maps/huge/ht_chantry.map, CELL, 1, 4101, 7461, 936.219
../maps/huge/ht_chantry.map, PATH, 1, 179, 7461, 12296
../maps/huge/ht_chantry.map, CELL_THEN_PATH, 1, 179, 7461, 5346.66
../maps/huge/ht_chantry.map, PATH, 2, 261, 7461, 12203.7
../maps/huge/ht_chantry.map, CELL_THEN_PATH, 2, 261, 7461, 5336.05
../maps/huge/ht_chantry.map, PATH, 3, 299, 7461, 12442.4
../maps/huge/ht_chantry.map, CELL_THEN_PATH, 3, 299, 7461, 5201.51
../maps/huge/ht_chantry.map, PATH, 4, 215, 7461, 12299.2
../maps/huge/ht_chantry.map, CELL_THEN_PATH, 4, 215, 7461, 5176.72
../maps/huge/ht_chantry.map, PATH, 5, 198, 7461, 12651.4
../maps/huge/ht_chantry.map, CELL_THEN_PATH, 5, 198, 7461, 5250.4
../maps/huge/ht_chantry.map, PATH, 6, 275, 7461, 12748.2
../maps/huge/ht_chantry.map, CELL_THEN_PATH, 6, 275, 7461, 5227.64
../maps/huge/ht_chantry.map, PATH, 7, 161, 7461, 12441.5
../maps/huge/ht_chantry.map, CELL_THEN_PATH, 7, 161, 7461, 5218.75
../maps/huge/ht_chantry.map, PATH, 8, 208, 7461, 11929.3
../maps/huge/ht_chantry.map, CELL_THEN_PATH, 8, 208, 7461, 5222.63
../maps/mc-forest.map, CELL, 1, 1175, 1498, 23.6888
../maps/mc-forest.map, PATH, 1, 100, 1498, 106.204
../maps/mc-forest.map, CELL_THEN_PATH, 1, 100, 1498, 96.6323
../maps/den101d.map, CELL, 1, 324, 1360, 35.471
../maps/den101d.map, PATH, 1, 22, 1360, 86.1467
../maps/den101d.map, CELL_THEN_PATH, 1, 22, 1360, 64.6541
../maps/huge/ht_chantry.map, CELL, 1, 4500, 7461, 934.28
../maps/huge/ht_chantry.map, PATH, 1, 183, 7461, 12402.4
../maps/huge/ht_chantry.map, CELL_THEN_PATH, 1, 183, 7461, 5256.09
../maps/huge/ht_chantry.map, PATH, 2, 243, 7461, 11990
../maps/huge/ht_chantry.map, CELL_THEN_PATH, 2, 243, 7461, 5256.75
../maps/huge/ht_chantry.map, PATH, 3, 212, 7461, 12078.6
../maps/huge/ht_chantry.map, CELL_THEN_PATH, 3, 212, 7461, 5245.59
../maps/huge/ht_chantry.map, PATH, 4, 300, 7461, 11999.4
../maps/huge/ht_chantry.map, CELL_THEN_PATH, 4, 300, 7461, 5239.49
../maps/huge/ht_chantry.map, PATH, 5, 244, 7461, 11873.7
../maps/huge/ht_chantry.map, CELL_THEN_PATH, 5, 244, 7461, 5225.4
../maps/huge/ht_chantry.map, PATH, 6, 239, 7461, 11985.9
../maps/huge/ht_chantry.map, CELL_THEN_PATH, 6, 239, 7461, 5217.44
../maps/huge/ht_chantry.map, PATH, 7, 148, 7461, 12153.4
../maps/huge/ht_chantry.map, CELL_THEN_PATH, 7, 148, 7461, 5262.86
../maps/huge/ht_chantry.map, PATH, 8, 279, 7461, 12003.5
../maps/huge/ht_chantry.map, CELL_THEN_PATH, 8, 279, 7461, 5209.77
../maps/mc-forest.map, CELL, 1, 1111, 1498, 23.8503
../maps/mc-forest.map, PATH, 1, 96, 1498, 104.971
../maps/mc-forest.map, CELL_THEN_PATH, 1, 96, 1498, 97.8955
../maps/den101d.map, CELL, 1, 688, 1360, 35.3753
../maps/den101d.map, PATH, 1, 13, 1360, 87.8666
../maps/den101d.map, CELL_THEN_PATH, 1, 13, 1360, 65.0288
../maps/huge/ht_chantry.map, CELL, 1, 2913, 7461, 939.467
../maps/huge/ht_chantry.map, PATH, 1, 183, 7461, 12221.3
../maps/huge/ht_chantry.map, CELL_THEN_PATH, 1, 183, 7461, 5350.48
../maps/huge/ht_chantry.map, PATH, 2, 239, 7461, 11717
../maps/huge/ht_chantry.map, CELL_THEN_PATH, 2, 239, 7461, 5266.57
../maps/huge/ht_chantry.map, PATH, 3, 206, 7461, 12146.3
../maps/huge/ht_chantry.map, CELL_THEN_PATH, 3, 206, 7461, 5237.25
../maps/huge/ht_chantry.map, PATH, 4, 181, 7461, 12108.9
../maps/huge/ht_chantry.map, CELL_THEN_PATH, 4, 181, 7461, 5174.7
../maps/huge/ht_chantry.map, PATH, 5, 293, 7461, 12098.7
../maps/huge/ht_chantry.map, CELL_THEN_PATH, 5, 293, 7461, 5290.84
../maps/huge/ht_chantry.map, PATH, 6, 280, 7461, 12074.3
../maps/huge/ht_chantry.map, CELL_THEN_PATH, 6, 280, 7461, 5187.29
../maps/huge/ht_chantry.map, PATH, 7, 421, 7461, 12364.9
../maps/huge/ht_chantry.map, CELL_THEN_PATH, 7, 421, 7461, 5192.45
../maps/huge/ht_chantry.map, PATH, 8, 247, 7461, 11944.5
../maps/huge/ht_chantry.map, CELL_THEN_PATH, 8, 247, 7461, 5190.66
../maps/mc-forest.map, CELL, 1, 1185, 1498, 23.7391
../maps/mc-forest.map, PATH, 1, 107, 1498, 102.837
../maps/mc-forest.map, CELL_THEN_PATH, 1, 107, 1498, 96.1175
../maps/den101d.map, CELL, 1, 679, 1360, 35.4429
../maps/den101d.map, PATH, 1, 13, 1360, 87.0275
../maps/den101d.map, CELL_THEN_PATH, 1, 13, 1360, 65.1904
../maps/huge/ht_chantry.map, CELL, 1, 4056, 7461, 935.817
../maps/huge/ht_chantry.map, PATH, 1, 152, 7461, 12227.4
../maps/huge/ht_chantry.map, CELL_THEN_PATH, 1, 152, 7461, 5323.2
../maps/huge/ht_chantry.map, PATH, 2, 183, 7461, 12214.8
../maps/huge/ht_chantry.map, CELL_THEN_PATH, 2, 183, 7461, 5324.23
../maps/huge/ht_chantry.map, PATH, 3, 248, 7461, 12391.1
../maps/huge/ht_chantry.map, CELL_THEN_PATH, 3, 248, 7461, 5321.82
../maps/huge/ht_chantry.map, PATH, 4, 279, 7461, 12084.1
../maps/huge/ht_chantry.map, CELL_THEN_PATH, 4, 279, 7461, 5165.78
../maps/huge/ht_chantry.map, PATH, 5, 201, 7461, 11891.1
../maps/huge/ht_chantry.map, CELL_THEN_PATH, 5, 201, 7461, 5263.82
../maps/huge/ht_chantry.map, PATH, 6, 268, 7461, 12044.2
../maps/huge/ht_chantry.map, CELL_THEN_PATH, 6, 268, 7461, 5181.4
../maps/huge/ht_chantry.map, PATH, 7, 206, 7461, 12259.6
../maps/huge/ht_chantry.map, CELL_THEN_PATH, 7, 206, 7461, 5155.99
../maps/huge/ht_chantry.map, PATH, 8, 300, 7461, 12073.6
../maps/huge/ht_chantry.map, CELL_THEN_PATH, 8, 300, 7461, 5216.78
