../maps/custom-11-11.map,FOCAL_MOC,1,0,True,79
../maps/custom-11-11.map,FOCAL_SOC,1,0,True,78
../maps/custom-11-11.map,MxWAstar,1,0,True,71
../maps/custom-11-11.map,MWRCP3,1,0,True,119
../maps/custom-11-11.map,MWRP_CPD,1,0,True,96
../maps/custom-11-11.map,OG_MWRP,1,0,True,1787
../maps/custom-11-11.map,FOCAL_MOC,1,1,True,116
../maps/custom-11-11.map,FOCAL_SOC,1,1,True,121
../maps/custom-11-11.map,MxWAstar,1,1,True,111
../maps/custom-11-11.map,MWRCP3,1,1,True,298
../maps/custom-11-11.map,MWRP_CPD,1,1,True,166
../maps/custom-11-11.map,OG_MWRP,1,1,True,5663
../maps/custom-11-11.map,FOCAL_MOC,1,2,True,120
../maps/custom-11-11.map,FOCAL_SOC,1,2,True,125
../maps/custom-11-11.map,MxWAstar,1,2,True,115
../maps/custom-11-11.map,MWRCP3,1,2,True,167
../maps/custom-11-11.map,MWRP_CPD,1,2,True,118
../maps/custom-11-11.map,OG_MWRP,1,2,True,2547
../maps/custom-11-11.map,FOCAL_MOC,1,3,True,102
../maps/custom-11-11.map,FOCAL_SOC,1,3,True,102
../maps/custom-11-11.map,MxWAstar,1,3,True,118
../maps/custom-11-11.map,MWRCP3,1,3,True,99
../maps/custom-11-11.map,MWRP_CPD,1,3,True,76
../maps/custom-11-11.map,OG_MWRP,1,3,True,1265
../maps/custom-11-11.map,FOCAL_MOC,1,4,True,68
../maps/custom-11-11.map,FOCAL_SOC,1,4,True,71
../maps/custom-11-11.map,MxWAstar,1,4,True,61
../maps/custom-11-11.map,MWRCP3,1,4,True,94
../maps/custom-11-11.map,MWRP_CPD,1,4,True,66
../maps/custom-11-11.map,OG_MWRP,1,4,True,1245
../maps/custom-11-11.map,FOCAL_MOC,1,5,True,81
../maps/custom-11-11.map,FOCAL_SOC,1,5,True,85
../maps/custom-11-11.map,MxWAstar,1,5,True,100
../maps/custom-11-11.map,MWRCP3,1,5,True,181
../maps/custom-11-11.map,MWRP_CPD,1,5,True,147
../maps/custom-11-11.map,OG_MWRP,1,5,True,2759
../maps/custom-11-11.map,FOCAL_MOC,1,6,True,73
../maps/custom-11-11.map,FOCAL_SOC,1,6,True,77
../maps/custom-11-11.map,MxWAstar,1,6,True,71
../maps/custom-11-11.map,MWRCP3,1,6,True,119
../maps/custom-11-11.map,MWRP_CPD,1,6,True,78
../maps/custom-11-11.map,OG_MWRP,1,6,True,1716
../maps/custom-11-11.map,FOCAL_MOC,1,7,True,85
../maps/custom-11-11.map,FOCAL_SOC,1,7,True,78
../maps/custom-11-11.map,MxWAstar,1,7,True,173
../maps/custom-11-11.map,MWRCP3,1,7,True,144
../maps/custom-11-11.map,MWRP_CPD,1,7,True,114
../maps/custom-11-11.map,OG_MWRP,1,7,True,2305
../maps/custom-11-11.map,FOCAL_MOC,1,8,True,76
../maps/custom-11-11.map,FOCAL_SOC,1,8,True,75
../maps/custom-11-11.map,MxWAstar,1,8,True,64
../maps/custom-11-11.map,MWRCP3,1,8,True,119
../maps/custom-11-11.map,MWRP_CPD,1,8,True,92
../maps/custom-11-11.map,OG_MWRP,1,8,True,3084
../maps/custom-11-11.map,FOCAL_MOC,1,9,True,72
../maps/custom-11-11.map,FOCAL_SOC,1,9,True,78
../maps/custom-11-11.map,MxWAstar,1,9,True,69
../maps/custom-11-11.map,MWRCP3,1,9,True,79
../maps/custom-11-11.map,MWRP_CPD,1,9,True,68
../maps/custom-11-11.map,OG_MWRP,1,9,True,1717
../maps/custom-11-11.map,FOCAL_MOC,1,10,True,116
../maps/custom-11-11.map,FOCAL_SOC,1,10,True,114
../maps/custom-11-11.map,MxWAstar,1,10,True,111
../maps/custom-11-11.map,MWRCP3,1,10,True,326
../maps/custom-11-11.map,MWRP_CPD,1,10,True,214
../maps/custom-11-11.map,OG_MWRP,1,10,True,6975
../maps/custom-11-11.map,FOCAL_MOC,1,11,True,109
../maps/custom-11-11.map,FOCAL_SOC,1,11,True,118
../maps/custom-11-11.map,MxWAstar,1,11,True,170
../maps/custom-11-11.map,MWRCP3,1,11,True,453
../maps/custom-11-11.map,MWRP_CPD,1,11,True,291
../maps/custom-11-11.map,OG_MWRP,1,11,True,8865
../maps/custom-11-11.map,FOCAL_MOC,1,12,True,110
../maps/custom-11-11.map,FOCAL_SOC,1,12,True,112
../maps/custom-11-11.map,MxWAstar,1,12,True,92
../maps/custom-11-11.map,MWRCP3,1,12,True,207
../maps/custom-11-11.map,MWRP_CPD,1,12,True,134
../maps/custom-11-11.map,OG_MWRP,1,12,True,1683
../maps/custom-11-11.map,FOCAL_MOC,1,13,True,119
../maps/custom-11-11.map,FOCAL_SOC,1,13,True,110
../maps/custom-11-11.map,MxWAstar,1,13,True,219
../maps/custom-11-11.map,MWRCP3,1,13,True,393
../maps/custom-11-11.map,MWRP_CPD,1,13,True,260
../maps/custom-11-11.map,OG_MWRP,1,13,True,8920
../maps/custom-11-11.map,FOCAL_MOC,1,14,True,86
../maps/custom-11-11.map,FOCAL_SOC,1,14,True,78
../maps/custom-11-11.map,MxWAstar,1,14,True,184
../maps/custom-11-11.map,MWRCP3,1,14,True,141
../maps/custom-11-11.map,MWRP_CPD,1,14,True,91
../maps/custom-11-11.map,OG_MWRP,1,14,True,2513
../maps/custom-11-11.map,FOCAL_MOC,1,15,True,81
../maps/custom-11-11.map,FOCAL_SOC,1,15,True,80
../maps/custom-11-11.map,MxWAstar,1,15,True,144
../maps/custom-11-11.map,MWRCP3,1,15,True,149
../maps/custom-11-11.map,MWRP_CPD,1,15,True,109
../maps/custom-11-11.map,OG_MWRP,1,15,True,2498
../maps/custom-11-11.map,FOCAL_MOC,1,16,True,107
../maps/custom-11-11.map,FOCAL_SOC,1,16,True,105
../maps/custom-11-11.map,MxWAstar,1,16,True,114
../maps/custom-11-11.map,MWRCP3,1,16,True,316
../maps/custom-11-11.map,MWRP_CPD,1,16,True,186
../maps/custom-11-11.map,OG_MWRP,1,16,True,3729
../maps/custom-11-11.map,FOCAL_MOC,1,17,True,100
../maps/custom-11-11.map,FOCAL_SOC,1,17,True,103
../maps/custom-11-11.map,MxWAstar,1,17,True,124
../maps/custom-11-11.map,MWRCP3,1,17,True,96
../maps/custom-11-11.map,MWRP_CPD,1,17,True,67
../maps/custom-11-11.map,OG_MWRP,1,17,True,1683
../maps/custom-11-11.map,FOCAL_MOC,1,18,True,74
../maps/custom-11-11.map,FOCAL_SOC,1,18,True,75
../maps/custom-11-11.map,MxWAstar,1,18,True,66
../maps/custom-11-11.map,MWRCP3,1,18,True,75
../maps/custom-11-11.map,MWRP_CPD,1,18,True,64
../maps/custom-11-11.map,OG_MWRP,1,18,True,1692
../maps/custom-11-11.map,FOCAL_MOC,1,19,True,118
../maps/custom-11-11.map,FOCAL_SOC,1,19,True,119
../maps/custom-11-11.map,MxWAstar,1,19,True,155
../maps/custom-11-11.map,MWRCP3,1,19,True,509
../maps/custom-11-11.map,MWRP_CPD,1,19,True,324
../maps/custom-11-11.map,OG_MWRP,1,19,True,9297
../maps/custom-11-11.map,FOCAL_MOC,1,20,True,119
../maps/custom-11-11.map,FOCAL_SOC,1,20,True,119
../maps/custom-11-11.map,MxWAstar,1,20,True,190
../maps/custom-11-11.map,MWRCP3,1,20,True,170
../maps/custom-11-11.map,MWRP_CPD,1,20,True,142
../maps/custom-11-11.map,OG_MWRP,1,20,True,2701
../maps/custom-11-11.map,FOCAL_MOC,1,21,True,114
../maps/custom-11-11.map,FOCAL_SOC,1,21,True,112
../maps/custom-11-11.map,MxWAstar,1,21,True,198
../maps/custom-11-11.map,MWRCP3,1,21,True,260
../maps/custom-11-11.map,MWRP_CPD,1,21,True,190
../maps/custom-11-11.map,OG_MWRP,1,21,True,4394
../maps/custom-11-11.map,FOCAL_MOC,1,22,True,75
../maps/custom-11-11.map,FOCAL_SOC,1,22,True,75
../maps/custom-11-11.map,MxWAstar,1,22,True,71
../maps/custom-11-11.map,MWRCP3,1,22,True,142
../maps/custom-11-11.map,MWRP_CPD,1,22,True,101
../maps/custom-11-11.map,OG_MWRP,1,22,True,2579
../maps/custom-11-11.map,FOCAL_MOC,1,23,True,104
../maps/custom-11-11.map,FOCAL_SOC,1,23,True,112
../maps/custom-11-11.map,MxWAstar,1,23,True,98
../maps/custom-11-11.map,MWRCP3,1,23,True,194
../maps/custom-11-11.map,MWRP_CPD,1,23,True,130
../maps/custom-11-11.map,OG_MWRP,1,23,True,4233
../maps/custom-11-11.map,FOCAL_MOC,1,24,True,100
../maps/custom-11-11.map,FOCAL_SOC,1,24,True,96
../maps/custom-11-11.map,MxWAstar,1,24,True,91
../maps/custom-11-11.map,MWRCP3,1,24,True,121
../maps/custom-11-11.map,MWRP_CPD,1,24,True,95
../maps/custom-11-11.map,OG_MWRP,1,24,True,1443
../maps/custom-11-11.map,FOCAL_MOC,2,0,True,567
../maps/custom-11-11.map,FOCAL_SOC,2,0,True,284
../maps/custom-11-11.map,MxWAstar,2,0,True,222
../maps/custom-11-11.map,MWRCP3,2,0,True,240
../maps/custom-11-11.map,MWRP_CPD,2,0,True,283
../maps/custom-11-11.map,OG_MWRP,2,0,True,2896
../maps/custom-11-11.map,FOCAL_MOC,2,1,True,219
../maps/custom-11-11.map,FOCAL_SOC,2,1,True,464
../maps/custom-11-11.map,MxWAstar,2,1,True,153
../maps/custom-11-11.map,MWRCP3,2,1,True,522
../maps/custom-11-11.map,MWRP_CPD,2,1,True,547
../maps/custom-11-11.map,OG_MWRP,2,1,True,13714
../maps/custom-11-11.map,FOCAL_MOC,2,2,True,233
../maps/custom-11-11.map,FOCAL_SOC,2,2,True,241
../maps/custom-11-11.map,MxWAstar,2,2,True,126
../maps/custom-11-11.map,MWRCP3,2,2,True,256
../maps/custom-11-11.map,MWRP_CPD,2,2,True,200
../maps/custom-11-11.map,OG_MWRP,2,2,True,40792
../maps/custom-11-11.map,FOCAL_MOC,2,3,True,87
../maps/custom-11-11.map,FOCAL_SOC,2,3,True,349
../maps/custom-11-11.map,MxWAstar,2,3,True,49
../maps/custom-11-11.map,MWRCP3,2,3,True,170
../maps/custom-11-11.map,MWRP_CPD,2,3,True,139
../maps/custom-11-11.map,OG_MWRP,2,3,True,3498
../maps/custom-11-11.map,FOCAL_MOC,2,4,True,116
../maps/custom-11-11.map,FOCAL_SOC,2,4,True,127
../maps/custom-11-11.map,MxWAstar,2,4,True,107
../maps/custom-11-11.map,MWRCP3,2,4,True,95
../maps/custom-11-11.map,MWRP_CPD,2,4,True,115
../maps/custom-11-11.map,OG_MWRP,2,4,True,1653
../maps/custom-11-11.map,FOCAL_MOC,2,5,True,350
../maps/custom-11-11.map,FOCAL_SOC,2,5,True,403
../maps/custom-11-11.map,MxWAstar,2,5,True,167
../maps/custom-11-11.map,MWRCP3,2,5,True,296
../maps/custom-11-11.map,MWRP_CPD,2,5,True,248
../maps/custom-11-11.map,OG_MWRP,2,5,True,2308
../maps/custom-11-11.map,FOCAL_MOC,2,6,True,519
../maps/custom-11-11.map,FOCAL_SOC,2,6,True,638
../maps/custom-11-11.map,MxWAstar,2,6,True,355
../maps/custom-11-11.map,MWRCP3,2,6,True,1299
../maps/custom-11-11.map,MWRP_CPD,2,6,True,935
../maps/custom-11-11.map,OG_MWRP,2,6,True,34906
../maps/custom-11-11.map,FOCAL_MOC,2,7,True,67
../maps/custom-11-11.map,FOCAL_SOC,2,7,True,73
../maps/custom-11-11.map,MxWAstar,2,7,True,44
../maps/custom-11-11.map,MWRCP3,2,7,True,88
../maps/custom-11-11.map,MWRP_CPD,2,7,True,74
../maps/custom-11-11.map,OG_MWRP,2,7,True,6156
../maps/custom-11-11.map,FOCAL_MOC,2,8,True,275
../maps/custom-11-11.map,FOCAL_SOC,2,8,True,343
../maps/custom-11-11.map,MxWAstar,2,8,True,147
../maps/custom-11-11.map,MWRCP3,2,8,True,221
../maps/custom-11-11.map,MWRP_CPD,2,8,True,183
../maps/custom-11-11.map,OG_MWRP,2,8,True,8008
../maps/custom-11-11.map,FOCAL_MOC,2,9,True,140
../maps/custom-11-11.map,FOCAL_SOC,2,9,True,134
../maps/custom-11-11.map,MxWAstar,2,9,True,89
../maps/custom-11-11.map,MWRCP3,2,9,True,214
../maps/custom-11-11.map,MWRP_CPD,2,9,True,157
../maps/custom-11-11.map,OG_MWRP,2,9,True,2730
../maps/custom-11-11.map,FOCAL_MOC,2,10,True,648
../maps/custom-11-11.map,FOCAL_SOC,2,10,True,800
../maps/custom-11-11.map,MxWAstar,2,10,True,399
../maps/custom-11-11.map,MWRCP3,2,10,True,945
../maps/custom-11-11.map,MWRP_CPD,2,10,True,689
../maps/custom-11-11.map,OG_MWRP,2,10,True,63407
../maps/custom-11-11.map,FOCAL_MOC,2,11,True,98
../maps/custom-11-11.map,FOCAL_SOC,2,11,True,179
../maps/custom-11-11.map,MxWAstar,2,11,True,87
../maps/custom-11-11.map,MWRCP3,2,11,True,83
../maps/custom-11-11.map,MWRP_CPD,2,11,True,63
../maps/custom-11-11.map,OG_MWRP,2,11,True,1173
../maps/custom-11-11.map,FOCAL_MOC,2,12,True,138
../maps/custom-11-11.map,FOCAL_SOC,2,12,True,176
../maps/custom-11-11.map,MxWAstar,2,12,True,102
../maps/custom-11-11.map,MWRCP3,2,12,True,265
../maps/custom-11-11.map,MWRP_CPD,2,12,True,189
../maps/custom-11-11.map,OG_MWRP,2,12,True,842
../maps/custom-11-11.map,FOCAL_MOC,2,13,True,527
../maps/custom-11-11.map,FOCAL_SOC,2,13,True,572
../maps/custom-11-11.map,MxWAstar,2,13,True,335
../maps/custom-11-11.map,MWRCP3,2,13,True,456
../maps/custom-11-11.map,MWRP_CPD,2,13,True,405
../maps/custom-11-11.map,OG_MWRP,2,13,True,7714
../maps/custom-11-11.map,FOCAL_MOC,2,14,True,39
../maps/custom-11-11.map,FOCAL_SOC,2,14,True,130
../maps/custom-11-11.map,MxWAstar,2,14,True,36
../maps/custom-11-11.map,MWRCP3,2,14,True,61
../maps/custom-11-11.map,MWRP_CPD,2,14,True,102
../maps/custom-11-11.map,OG_MWRP,2,14,True,826
../maps/custom-11-11.map,FOCAL_MOC,2,15,True,262
../maps/custom-11-11.map,FOCAL_SOC,2,15,True,280
../maps/custom-11-11.map,MxWAstar,2,15,True,142
../maps/custom-11-11.map,MWRCP3,2,15,True,209
../maps/custom-11-11.map,MWRP_CPD,2,15,True,153
../maps/custom-11-11.map,OG_MWRP,2,15,True,9560
../maps/custom-11-11.map,FOCAL_MOC,2,16,True,450
../maps/custom-11-11.map,FOCAL_SOC,2,16,True,500
../maps/custom-11-11.map,MxWAstar,2,16,True,264
../maps/custom-11-11.map,MWRCP3,2,16,True,760
../maps/custom-11-11.map,MWRP_CPD,2,16,True,577
../maps/custom-11-11.map,OG_MWRP,2,16,True,15539
../maps/custom-11-11.map,FOCAL_MOC,2,17,True,521
../maps/custom-11-11.map,FOCAL_SOC,2,17,True,641
../maps/custom-11-11.map,MxWAstar,2,17,True,616
../maps/custom-11-11.map,MWRCP3,2,17,True,729
../maps/custom-11-11.map,MWRP_CPD,2,17,True,613
../maps/custom-11-11.map,OG_MWRP,2,17,True,46014
../maps/custom-11-11.map,FOCAL_MOC,2,18,True,269
../maps/custom-11-11.map,FOCAL_SOC,2,18,True,380
../maps/custom-11-11.map,MxWAstar,2,18,True,138
../maps/custom-11-11.map,MWRCP3,2,18,True,155
../maps/custom-11-11.map,MWRP_CPD,2,18,True,122
../maps/custom-11-11.map,OG_MWRP,2,18,True,1706
../maps/custom-11-11.map,FOCAL_MOC,2,19,True,675
../maps/custom-11-11.map,FOCAL_SOC,2,19,True,840
../maps/custom-11-11.map,MxWAstar,2,19,True,400
../maps/custom-11-11.map,MWRCP3,2,19,True,662
../maps/custom-11-11.map,MWRP_CPD,2,19,True,588
../maps/custom-11-11.map,OG_MWRP,2,19,True,17694
../maps/custom-11-11.map,FOCAL_MOC,2,20,True,179
../maps/custom-11-11.map,FOCAL_SOC,2,20,True,186
../maps/custom-11-11.map,MxWAstar,2,20,True,121
../maps/custom-11-11.map,MWRCP3,2,20,True,155
../maps/custom-11-11.map,MWRP_CPD,2,20,True,145
../maps/custom-11-11.map,OG_MWRP,2,20,True,9519
../maps/custom-11-11.map,FOCAL_MOC,2,21,True,540
../maps/custom-11-11.map,FOCAL_SOC,2,21,True,516
../maps/custom-11-11.map,MxWAstar,2,21,True,324
../maps/custom-11-11.map,MWRCP3,2,21,True,394
../maps/custom-11-11.map,MWRP_CPD,2,21,True,322
../maps/custom-11-11.map,OG_MWRP,2,21,True,8254
../maps/custom-11-11.map,FOCAL_MOC,2,22,True,72
../maps/custom-11-11.map,FOCAL_SOC,2,22,True,172
../maps/custom-11-11.map,MxWAstar,2,22,True,53
../maps/custom-11-11.map,MWRCP3,2,22,True,92
../maps/custom-11-11.map,MWRP_CPD,2,22,True,153
../maps/custom-11-11.map,OG_MWRP,2,22,True,573
../maps/custom-11-11.map,FOCAL_MOC,2,23,True,128
../maps/custom-11-11.map,FOCAL_SOC,2,23,True,379
../maps/custom-11-11.map,MxWAstar,2,23,True,100
../maps/custom-11-11.map,MWRCP3,2,23,True,196
../maps/custom-11-11.map,MWRP_CPD,2,23,True,190
../maps/custom-11-11.map,OG_MWRP,2,23,True,7237
../maps/custom-11-11.map,FOCAL_MOC,2,24,True,433
../maps/custom-11-11.map,FOCAL_SOC,2,24,True,474
../maps/custom-11-11.map,MxWAstar,2,24,True,207
../maps/custom-11-11.map,MWRCP3,2,24,True,526
../maps/custom-11-11.map,MWRP_CPD,2,24,True,340
../maps/custom-11-11.map,OG_MWRP,2,24,True,20196
../maps/custom-11-11.map,FOCAL_MOC,3,0,True,86
../maps/custom-11-11.map,FOCAL_SOC,3,0,True,687
../maps/custom-11-11.map,MxWAstar,3,0,True,43
../maps/custom-11-11.map,MWRCP3,3,0,True,124
../maps/custom-11-11.map,MWRP_CPD,3,0,True,134
../maps/custom-11-11.map,OG_MWRP,3,0,True,2897
../maps/custom-11-11.map,FOCAL_MOC,3,1,True,95
../maps/custom-11-11.map,FOCAL_SOC,3,1,True,417
../maps/custom-11-11.map,MxWAstar,3,1,True,270
../maps/custom-11-11.map,MWRCP3,3,1,True,219
../maps/custom-11-11.map,MWRP_CPD,3,1,True,245
../maps/custom-11-11.map,OG_MWRP,3,1,True,738
../maps/custom-11-11.map,FOCAL_MOC,3,2,True,61
../maps/custom-11-11.map,FOCAL_SOC,3,2,True,88
../maps/custom-11-11.map,MxWAstar,3,2,True,35
../maps/custom-11-11.map,MWRCP3,3,2,True,247
../maps/custom-11-11.map,MWRP_CPD,3,2,True,226
../maps/custom-11-11.map,OG_MWRP,3,2,True,1101
../maps/custom-11-11.map,FOCAL_MOC,3,3,True,59
../maps/custom-11-11.map,FOCAL_SOC,3,3,True,1945
../maps/custom-11-11.map,MxWAstar,3,3,True,37
../maps/custom-11-11.map,MWRCP3,3,3,True,312
../maps/custom-11-11.map,MWRP_CPD,3,3,True,306
../maps/custom-11-11.map,OG_MWRP,3,3,True,7326
../maps/custom-11-11.map,FOCAL_MOC,3,4,True,94
../maps/custom-11-11.map,FOCAL_SOC,3,4,True,214
../maps/custom-11-11.map,MxWAstar,3,4,True,81
../maps/custom-11-11.map,MWRCP3,3,4,True,201
../maps/custom-11-11.map,MWRP_CPD,3,4,True,148
../maps/custom-11-11.map,OG_MWRP,3,4,True,20004
../maps/custom-11-11.map,FOCAL_MOC,3,5,True,296
../maps/custom-11-11.map,FOCAL_SOC,3,5,True,4708
../maps/custom-11-11.map,MxWAstar,3,5,True,229
../maps/custom-11-11.map,MWRCP3,3,5,True,812
../maps/custom-11-11.map,MWRP_CPD,3,5,True,784
../maps/custom-11-11.map,OG_MWRP,3,5,True,13079
../maps/custom-11-11.map,FOCAL_MOC,3,6,True,189
../maps/custom-11-11.map,FOCAL_SOC,3,6,True,272
../maps/custom-11-11.map,MxWAstar,3,6,True,183
../maps/custom-11-11.map,MWRCP3,3,6,True,148
../maps/custom-11-11.map,MWRP_CPD,3,6,True,439
../maps/custom-11-11.map,OG_MWRP,3,6,True,1918
../maps/custom-11-11.map,FOCAL_MOC,3,7,True,95
../maps/custom-11-11.map,FOCAL_SOC,3,7,True,166
../maps/custom-11-11.map,MxWAstar,3,7,True,83
../maps/custom-11-11.map,MWRCP3,3,7,True,135
../maps/custom-11-11.map,MWRP_CPD,3,7,True,219
../maps/custom-11-11.map,OG_MWRP,3,7,True,557
../maps/custom-11-11.map,FOCAL_MOC,3,8,True,112
../maps/custom-11-11.map,FOCAL_SOC,3,8,True,2692
../maps/custom-11-11.map,MxWAstar,3,8,True,710
../maps/custom-11-11.map,MWRCP3,3,8,True,450
../maps/custom-11-11.map,MWRP_CPD,3,8,True,295
../maps/custom-11-11.map,OG_MWRP,3,8,True,23389
../maps/custom-11-11.map,FOCAL_MOC,3,9,True,128
../maps/custom-11-11.map,FOCAL_SOC,3,9,True,180
../maps/custom-11-11.map,MxWAstar,3,9,True,17
../maps/custom-11-11.map,MWRCP3,3,9,True,16
../maps/custom-11-11.map,MWRP_CPD,3,9,True,16
../maps/custom-11-11.map,OG_MWRP,3,9,True,83
../maps/custom-11-11.map,FOCAL_MOC,3,10,True,246
../maps/custom-11-11.map,FOCAL_SOC,3,10,True,317
../maps/custom-11-11.map,MxWAstar,3,10,True,273
../maps/custom-11-11.map,MWRCP3,3,10,True,176
../maps/custom-11-11.map,MWRP_CPD,3,10,True,213
../maps/custom-11-11.map,OG_MWRP,3,10,True,709
../maps/custom-11-11.map,FOCAL_MOC,3,11,True,59
../maps/custom-11-11.map,FOCAL_SOC,3,11,True,397
../maps/custom-11-11.map,MxWAstar,3,11,True,199
../maps/custom-11-11.map,MWRCP3,3,11,True,283
../maps/custom-11-11.map,MWRP_CPD,3,11,True,342
../maps/custom-11-11.map,OG_MWRP,3,11,True,4224
../maps/custom-11-11.map,FOCAL_MOC,3,12,True,233
../maps/custom-11-11.map,FOCAL_SOC,3,12,True,406
../maps/custom-11-11.map,MxWAstar,3,12,True,223
../maps/custom-11-11.map,MWRCP3,3,12,True,134
../maps/custom-11-11.map,MWRP_CPD,3,12,True,100
../maps/custom-11-11.map,OG_MWRP,3,12,True,5892
../maps/custom-11-11.map,FOCAL_MOC,3,13,True,18
../maps/custom-11-11.map,FOCAL_SOC,3,13,True,17
../maps/custom-11-11.map,MxWAstar,3,13,True,20
../maps/custom-11-11.map,MWRCP3,3,13,True,14
../maps/custom-11-11.map,MWRP_CPD,3,13,True,14
../maps/custom-11-11.map,OG_MWRP,3,13,True,3536
../maps/custom-11-11.map,FOCAL_MOC,3,14,True,67
../maps/custom-11-11.map,FOCAL_SOC,3,14,True,561
../maps/custom-11-11.map,MxWAstar,3,14,True,50
../maps/custom-11-11.map,MWRCP3,3,14,True,45
../maps/custom-11-11.map,MWRP_CPD,3,14,True,38
../maps/custom-11-11.map,OG_MWRP,3,14,True,1180
../maps/custom-11-11.map,FOCAL_MOC,3,15,True,165
../maps/custom-11-11.map,FOCAL_SOC,3,15,True,619
../maps/custom-11-11.map,MxWAstar,3,15,True,78
../maps/custom-11-11.map,MWRCP3,3,15,True,67
../maps/custom-11-11.map,MWRP_CPD,3,15,True,49
../maps/custom-11-11.map,OG_MWRP,3,15,True,691
../maps/custom-11-11.map,FOCAL_MOC,3,16,True,114
../maps/custom-11-11.map,FOCAL_SOC,3,16,True,431
../maps/custom-11-11.map,MxWAstar,3,16,True,67
../maps/custom-11-11.map,MWRCP3,3,16,True,125
../maps/custom-11-11.map,MWRP_CPD,3,16,True,112
../maps/custom-11-11.map,OG_MWRP,3,16,True,1865
../maps/custom-11-11.map,FOCAL_MOC,3,17,True,164
../maps/custom-11-11.map,FOCAL_SOC,3,17,True,373
../maps/custom-11-11.map,MxWAstar,3,17,True,316
../maps/custom-11-11.map,MWRCP3,3,17,True,292
../maps/custom-11-11.map,MWRP_CPD,3,17,True,232
../maps/custom-11-11.map,OG_MWRP,3,17,True,1008
../maps/custom-11-11.map,FOCAL_MOC,3,18,True,209
../maps/custom-11-11.map,FOCAL_SOC,3,18,True,308
../maps/custom-11-11.map,MxWAstar,3,18,True,213
../maps/custom-11-11.map,MWRCP3,3,18,True,731
../maps/custom-11-11.map,MWRP_CPD,3,18,True,727
../maps/custom-11-11.map,OG_MWRP,3,18,True,11629
../maps/custom-11-11.map,FOCAL_MOC,3,19,True,62
../maps/custom-11-11.map,FOCAL_SOC,3,19,True,219
../maps/custom-11-11.map,MxWAstar,3,19,True,50
../maps/custom-11-11.map,MWRCP3,3,19,True,52
../maps/custom-11-11.map,MWRP_CPD,3,19,True,46
../maps/custom-11-11.map,OG_MWRP,3,19,True,752
../maps/custom-11-11.map,FOCAL_MOC,3,20,True,132
../maps/custom-11-11.map,FOCAL_SOC,3,20,True,246
../maps/custom-11-11.map,MxWAstar,3,20,True,60
../maps/custom-11-11.map,MWRCP3,3,20,True,205
../maps/custom-11-11.map,MWRP_CPD,3,20,True,174
../maps/custom-11-11.map,OG_MWRP,3,20,True,1630
../maps/custom-11-11.map,FOCAL_MOC,3,21,True,44
../maps/custom-11-11.map,FOCAL_SOC,3,21,True,41
../maps/custom-11-11.map,MxWAstar,3,21,True,31
../maps/custom-11-11.map,MWRCP3,3,21,True,22
../maps/custom-11-11.map,MWRP_CPD,3,21,True,20
../maps/custom-11-11.map,OG_MWRP,3,21,True,1548
../maps/custom-11-11.map,FOCAL_MOC,3,22,True,49
../maps/custom-11-11.map,FOCAL_SOC,3,22,True,240
../maps/custom-11-11.map,MxWAstar,3,22,True,51
../maps/custom-11-11.map,MWRCP3,3,22,True,47
../maps/custom-11-11.map,MWRP_CPD,3,22,True,45
../maps/custom-11-11.map,OG_MWRP,3,22,True,381
../maps/custom-11-11.map,FOCAL_MOC,3,23,True,51
../maps/custom-11-11.map,FOCAL_SOC,3,23,True,697
../maps/custom-11-11.map,MxWAstar,3,23,True,244
../maps/custom-11-11.map,MWRCP3,3,23,True,187
../maps/custom-11-11.map,MWRP_CPD,3,23,True,195
../maps/custom-11-11.map,OG_MWRP,3,23,True,6206
../maps/custom-11-11.map,FOCAL_MOC,3,24,True,219
../maps/custom-11-11.map,FOCAL_SOC,3,24,True,1867
../maps/custom-11-11.map,MxWAstar,3,24,True,42
../maps/custom-11-11.map,MWRCP3,3,24,True,552
../maps/custom-11-11.map,MWRP_CPD,3,24,True,501
../maps/custom-11-11.map,OG_MWRP,3,24,True,16312
../maps/custom-11-11.map,FOCAL_MOC,4,0,True,201
../maps/custom-11-11.map,FOCAL_SOC,4,0,True,301
../maps/custom-11-11.map,MxWAstar,4,0,True,199
../maps/custom-11-11.map,MWRCP3,4,0,True,329
../maps/custom-11-11.map,MWRP_CPD,4,0,True,363
../maps/custom-11-11.map,OG_MWRP,4,0,True,5022
../maps/custom-11-11.map,FOCAL_MOC,4,1,True,11
../maps/custom-11-11.map,FOCAL_SOC,4,1,True,12
../maps/custom-11-11.map,MxWAstar,4,1,True,13
../maps/custom-11-11.map,MWRCP3,4,1,True,13
../maps/custom-11-11.map,MWRP_CPD,4,1,True,12
../maps/custom-11-11.map,OG_MWRP,4,1,True,852
../maps/custom-11-11.map,FOCAL_MOC,4,2,True,20
../maps/custom-11-11.map,FOCAL_SOC,4,2,True,21
../maps/custom-11-11.map,MxWAstar,4,2,True,18
../maps/custom-11-11.map,MWRCP3,4,2,True,17
../maps/custom-11-11.map,MWRP_CPD,4,2,True,21
../maps/custom-11-11.map,OG_MWRP,4,2,True,1588
../maps/custom-11-11.map,FOCAL_MOC,4,3,True,20
../maps/custom-11-11.map,FOCAL_SOC,4,3,True,16
../maps/custom-11-11.map,MxWAstar,4,3,True,16
../maps/custom-11-11.map,MWRCP3,4,3,True,15
../maps/custom-11-11.map,MWRP_CPD,4,3,True,18
../maps/custom-11-11.map,OG_MWRP,4,3,True,1445
../maps/custom-11-11.map,FOCAL_MOC,4,4,True,109
../maps/custom-11-11.map,FOCAL_SOC,4,4,True,614
../maps/custom-11-11.map,MxWAstar,4,4,True,143
../maps/custom-11-11.map,MWRCP3,4,4,True,240
../maps/custom-11-11.map,MWRP_CPD,4,4,True,207
../maps/custom-11-11.map,OG_MWRP,4,4,True,1405
../maps/custom-11-11.map,FOCAL_MOC,4,5,True,23
../maps/custom-11-11.map,FOCAL_SOC,4,5,True,390
../maps/custom-11-11.map,MxWAstar,4,5,True,22
../maps/custom-11-11.map,MWRCP3,4,5,True,220
../maps/custom-11-11.map,MWRP_CPD,4,5,True,202
../maps/custom-11-11.map,OG_MWRP,4,5,True,2128
../maps/custom-11-11.map,FOCAL_MOC,4,6,True,31
../maps/custom-11-11.map,FOCAL_SOC,4,6,True,160
../maps/custom-11-11.map,MxWAstar,4,6,True,29
../maps/custom-11-11.map,MWRCP3,4,6,True,20
../maps/custom-11-11.map,MWRP_CPD,4,6,True,23
../maps/custom-11-11.map,OG_MWRP,4,6,True,173
../maps/custom-11-11.map,FOCAL_MOC,4,7,True,136
../maps/custom-11-11.map,FOCAL_SOC,4,7,True,127
../maps/custom-11-11.map,MxWAstar,4,7,True,70
../maps/custom-11-11.map,MWRCP3,4,7,True,43
../maps/custom-11-11.map,MWRP_CPD,4,7,True,47
../maps/custom-11-11.map,OG_MWRP,4,7,True,4743
../maps/custom-11-11.map,FOCAL_MOC,4,8,True,18
../maps/custom-11-11.map,FOCAL_SOC,4,8,True,17
../maps/custom-11-11.map,MxWAstar,4,8,True,17
../maps/custom-11-11.map,MWRCP3,4,8,True,17
../maps/custom-11-11.map,MWRP_CPD,4,8,True,16
../maps/custom-11-11.map,OG_MWRP,4,8,True,6177
../maps/custom-11-11.map,FOCAL_MOC,4,9,True,37
../maps/custom-11-11.map,FOCAL_SOC,4,9,True,319
../maps/custom-11-11.map,MxWAstar,4,9,True,108
../maps/custom-11-11.map,MWRCP3,4,9,True,116
../maps/custom-11-11.map,MWRP_CPD,4,9,True,123
../maps/custom-11-11.map,OG_MWRP,4,9,True,388
../maps/custom-11-11.map,FOCAL_MOC,4,10,True,18
../maps/custom-11-11.map,FOCAL_SOC,4,10,True,20
../maps/custom-11-11.map,MxWAstar,4,10,True,19
../maps/custom-11-11.map,MWRCP3,4,10,True,18
../maps/custom-11-11.map,MWRP_CPD,4,10,True,18
../maps/custom-11-11.map,OG_MWRP,4,10,True,306
../maps/custom-11-11.map,FOCAL_MOC,4,11,True,27
../maps/custom-11-11.map,FOCAL_SOC,4,11,True,25
../maps/custom-11-11.map,MxWAstar,4,11,True,17
../maps/custom-11-11.map,MWRCP3,4,11,True,22
../maps/custom-11-11.map,MWRP_CPD,4,11,True,22
../maps/custom-11-11.map,OG_MWRP,4,11,True,1486
../maps/custom-11-11.map,FOCAL_MOC,4,12,True,26
../maps/custom-11-11.map,FOCAL_SOC,4,12,True,694
../maps/custom-11-11.map,MxWAstar,4,12,True,32
../maps/custom-11-11.map,MWRCP3,4,12,True,34
../maps/custom-11-11.map,MWRP_CPD,4,12,True,35
../maps/custom-11-11.map,OG_MWRP,4,12,True,406
../maps/custom-11-11.map,FOCAL_MOC,4,13,True,1162
../maps/custom-11-11.map,FOCAL_SOC,4,13,True,2941
../maps/custom-11-11.map,MxWAstar,4,13,True,1474
../maps/custom-11-11.map,MWRCP3,4,13,True,421
../maps/custom-11-11.map,MWRP_CPD,4,13,True,330
../maps/custom-11-11.map,OG_MWRP,4,13,True,8205
../maps/custom-11-11.map,FOCAL_MOC,4,14,True,13
../maps/custom-11-11.map,FOCAL_SOC,4,14,True,13
../maps/custom-11-11.map,MxWAstar,4,14,True,13
../maps/custom-11-11.map,MWRCP3,4,14,True,21
../maps/custom-11-11.map,MWRP_CPD,4,14,True,19
../maps/custom-11-11.map,OG_MWRP,4,14,True,1532
../maps/custom-11-11.map,FOCAL_MOC,4,15,True,142
../maps/custom-11-11.map,FOCAL_SOC,4,15,True,232
../maps/custom-11-11.map,MxWAstar,4,15,True,146
../maps/custom-11-11.map,MWRCP3,4,15,True,22
../maps/custom-11-11.map,MWRP_CPD,4,15,True,20
../maps/custom-11-11.map,OG_MWRP,4,15,True,4285
../maps/custom-11-11.map,FOCAL_MOC,4,16,True,44
../maps/custom-11-11.map,FOCAL_SOC,4,16,True,45
../maps/custom-11-11.map,MxWAstar,4,16,True,31
../maps/custom-11-11.map,MWRCP3,4,16,True,33
../maps/custom-11-11.map,MWRP_CPD,4,16,True,30
../maps/custom-11-11.map,OG_MWRP,4,16,True,8264
../maps/custom-11-11.map,FOCAL_MOC,4,17,True,52
../maps/custom-11-11.map,FOCAL_SOC,4,17,True,1048
../maps/custom-11-11.map,MxWAstar,4,17,True,57
../maps/custom-11-11.map,MWRCP3,4,17,True,124
../maps/custom-11-11.map,MWRP_CPD,4,17,True,125
../maps/custom-11-11.map,OG_MWRP,4,17,True,6675
../maps/custom-11-11.map,FOCAL_MOC,4,18,True,11
../maps/custom-11-11.map,FOCAL_SOC,4,18,True,12
../maps/custom-11-11.map,MxWAstar,4,18,True,12
../maps/custom-11-11.map,MWRCP3,4,18,True,10
../maps/custom-11-11.map,MWRP_CPD,4,18,True,10
../maps/custom-11-11.map,OG_MWRP,4,18,True,212
../maps/custom-11-11.map,FOCAL_MOC,4,19,True,49
../maps/custom-11-11.map,FOCAL_SOC,4,19,True,521
../maps/custom-11-11.map,MxWAstar,4,19,True,123
../maps/custom-11-11.map,MWRCP3,4,19,True,306
../maps/custom-11-11.map,MWRP_CPD,4,19,True,478
../maps/custom-11-11.map,OG_MWRP,4,19,True,724
../maps/custom-11-11.map,FOCAL_MOC,4,20,True,21
../maps/custom-11-11.map,FOCAL_SOC,4,20,True,331
../maps/custom-11-11.map,MxWAstar,4,20,True,20
../maps/custom-11-11.map,MWRCP3,4,20,True,36
../maps/custom-11-11.map,MWRP_CPD,4,20,True,47
../maps/custom-11-11.map,OG_MWRP,4,20,True,2670
../maps/custom-11-11.map,FOCAL_MOC,4,21,True,31
../maps/custom-11-11.map,FOCAL_SOC,4,21,True,133
../maps/custom-11-11.map,MxWAstar,4,21,True,30
../maps/custom-11-11.map,MWRCP3,4,21,True,179
../maps/custom-11-11.map,MWRP_CPD,4,21,True,187
../maps/custom-11-11.map,OG_MWRP,4,21,True,4914
../maps/custom-11-11.map,FOCAL_MOC,4,22,True,311
../maps/custom-11-11.map,FOCAL_SOC,4,22,True,244
../maps/custom-11-11.map,MxWAstar,4,22,True,310
../maps/custom-11-11.map,MWRCP3,4,22,True,1112
../maps/custom-11-11.map,MWRP_CPD,4,22,True,1056
../maps/custom-11-11.map,OG_MWRP,4,22,True,4623
../maps/custom-11-11.map,FOCAL_MOC,4,23,True,30
../maps/custom-11-11.map,FOCAL_SOC,4,23,True,27
../maps/custom-11-11.map,MxWAstar,4,23,True,28
../maps/custom-11-11.map,MWRCP3,4,23,True,27
../maps/custom-11-11.map,MWRP_CPD,4,23,True,25
../maps/custom-11-11.map,OG_MWRP,4,23,True,4298
../maps/custom-11-11.map,FOCAL_MOC,4,24,True,16
../maps/custom-11-11.map,FOCAL_SOC,4,24,True,11
../maps/custom-11-11.map,MxWAstar,4,24,True,12
../maps/custom-11-11.map,MWRCP3,4,24,True,14
../maps/custom-11-11.map,MWRP_CPD,4,24,True,13
../maps/custom-11-11.map,OG_MWRP,4,24,True,212
../maps/custom-11-11.map,FOCAL_MOC,5,0,True,37
../maps/custom-11-11.map,FOCAL_SOC,5,0,True,32
../maps/custom-11-11.map,MxWAstar,5,0,True,25
../maps/custom-11-11.map,MWRCP3,5,0,True,44
../maps/custom-11-11.map,MWRP_CPD,5,0,True,47
../maps/custom-11-11.map,OG_MWRP,5,0,True,2743
../maps/custom-11-11.map,FOCAL_MOC,5,1,True,43
../maps/custom-11-11.map,FOCAL_SOC,5,1,True,42
../maps/custom-11-11.map,MxWAstar,5,1,True,42
../maps/custom-11-11.map,MWRCP3,5,1,True,40
../maps/custom-11-11.map,MWRP_CPD,5,1,True,40
../maps/custom-11-11.map,OG_MWRP,5,1,True,1677
../maps/custom-11-11.map,FOCAL_MOC,5,2,True,23
../maps/custom-11-11.map,FOCAL_SOC,5,2,True,24
../maps/custom-11-11.map,MxWAstar,5,2,True,22
../maps/custom-11-11.map,MWRCP3,5,2,True,25
../maps/custom-11-11.map,MWRP_CPD,5,2,True,26
../maps/custom-11-11.map,OG_MWRP,5,2,True,784
../maps/custom-11-11.map,FOCAL_MOC,5,3,True,194
../maps/custom-11-11.map,FOCAL_SOC,5,3,True,222
../maps/custom-11-11.map,MxWAstar,5,3,True,215
../maps/custom-11-11.map,MWRCP3,5,3,True,220
../maps/custom-11-11.map,MWRP_CPD,5,3,True,202
../maps/custom-11-11.map,OG_MWRP,5,3,True,13841
../maps/custom-11-11.map,FOCAL_MOC,5,4,True,27
../maps/custom-11-11.map,FOCAL_SOC,5,4,True,28
../maps/custom-11-11.map,MxWAstar,5,4,True,25
../maps/custom-11-11.map,MWRCP3,5,4,True,30
../maps/custom-11-11.map,MWRP_CPD,5,4,True,31
../maps/custom-11-11.map,OG_MWRP,5,4,True,439
../maps/custom-11-11.map,FOCAL_MOC,5,5,True,116
../maps/custom-11-11.map,FOCAL_SOC,5,5,True,105
../maps/custom-11-11.map,MxWAstar,5,5,True,100
../maps/custom-11-11.map,MWRCP3,5,5,True,99
../maps/custom-11-11.map,MWRP_CPD,5,5,True,101
../maps/custom-11-11.map,OG_MWRP,5,5,True,1729
../maps/custom-11-11.map,FOCAL_MOC,5,6,True,795
../maps/custom-11-11.map,FOCAL_SOC,5,6,True,811
../maps/custom-11-11.map,MxWAstar,5,6,True,184
../maps/custom-11-11.map,MWRCP3,5,6,True,134
../maps/custom-11-11.map,MWRP_CPD,5,6,True,125
../maps/custom-11-11.map,OG_MWRP,5,6,True,1993
../maps/custom-11-11.map,FOCAL_MOC,5,7,True,98
../maps/custom-11-11.map,FOCAL_SOC,5,7,True,79
../maps/custom-11-11.map,MxWAstar,5,7,True,77
../maps/custom-11-11.map,MWRCP3,5,7,True,78
../maps/custom-11-11.map,MWRP_CPD,5,7,True,81
../maps/custom-11-11.map,OG_MWRP,5,7,True,992
../maps/custom-11-11.map,FOCAL_MOC,5,8,True,99
../maps/custom-11-11.map,FOCAL_SOC,5,8,True,99
../maps/custom-11-11.map,MxWAstar,5,8,True,99
../maps/custom-11-11.map,MWRCP3,5,8,True,98
../maps/custom-11-11.map,MWRP_CPD,5,8,True,99
../maps/custom-11-11.map,OG_MWRP,5,8,True,693
../maps/custom-11-11.map,FOCAL_MOC,5,9,True,640
../maps/custom-11-11.map,FOCAL_SOC,5,9,True,3623
../maps/custom-11-11.map,MxWAstar,5,9,True,627
../maps/custom-11-11.map,MWRCP3,5,9,True,403
../maps/custom-11-11.map,MWRP_CPD,5,9,True,298
../maps/custom-11-11.map,OG_MWRP,5,9,True,762
../maps/custom-11-11.map,FOCAL_MOC,5,10,True,34
../maps/custom-11-11.map,FOCAL_SOC,5,10,True,938
../maps/custom-11-11.map,MxWAstar,5,10,True,54
../maps/custom-11-11.map,MWRCP3,5,10,True,73
../maps/custom-11-11.map,MWRP_CPD,5,10,True,71
../maps/custom-11-11.map,OG_MWRP,5,10,True,278
../maps/custom-11-11.map,FOCAL_MOC,5,11,True,18
../maps/custom-11-11.map,FOCAL_SOC,5,11,True,27
../maps/custom-11-11.map,MxWAstar,5,11,True,25
../maps/custom-11-11.map,MWRCP3,5,11,True,259
../maps/custom-11-11.map,MWRP_CPD,5,11,True,740
../maps/custom-11-11.map,OG_MWRP,5,11,True,2278
../maps/custom-11-11.map,FOCAL_MOC,5,12,True,31
../maps/custom-11-11.map,FOCAL_SOC,5,12,True,29
../maps/custom-11-11.map,MxWAstar,5,12,True,26
../maps/custom-11-11.map,MWRCP3,5,12,True,31
../maps/custom-11-11.map,MWRP_CPD,5,12,True,31
../maps/custom-11-11.map,OG_MWRP,5,12,True,16580
../maps/custom-11-11.map,FOCAL_MOC,5,13,True,60
../maps/custom-11-11.map,FOCAL_SOC,5,13,True,57
../maps/custom-11-11.map,MxWAstar,5,13,True,55
../maps/custom-11-11.map,MWRCP3,5,13,True,54
../maps/custom-11-11.map,MWRP_CPD,5,13,True,56
../maps/custom-11-11.map,OG_MWRP,5,13,True,246
../maps/custom-11-11.map,FOCAL_MOC,5,14,True,2788
../maps/custom-11-11.map,FOCAL_SOC,5,14,True,4426
../maps/custom-11-11.map,MxWAstar,5,14,True,1531
../maps/custom-11-11.map,MWRCP3,5,14,True,59
../maps/custom-11-11.map,MWRP_CPD,5,14,True,60
../maps/custom-11-11.map,OG_MWRP,5,14,True,771
../maps/custom-11-11.map,FOCAL_MOC,5,15,True,50
../maps/custom-11-11.map,FOCAL_SOC,5,15,True,50
../maps/custom-11-11.map,MxWAstar,5,15,True,47
../maps/custom-11-11.map,MWRCP3,5,15,True,51
../maps/custom-11-11.map,MWRP_CPD,5,15,True,48
../maps/custom-11-11.map,OG_MWRP,5,15,True,4528
../maps/custom-11-11.map,FOCAL_MOC,5,16,True,47
../maps/custom-11-11.map,FOCAL_SOC,5,16,True,46
../maps/custom-11-11.map,MxWAstar,5,16,True,42
../maps/custom-11-11.map,MWRCP3,5,16,True,44
../maps/custom-11-11.map,MWRP_CPD,5,16,True,42
../maps/custom-11-11.map,OG_MWRP,5,16,True,24460
../maps/custom-11-11.map,FOCAL_MOC,5,17,True,94
../maps/custom-11-11.map,FOCAL_SOC,5,17,True,93
../maps/custom-11-11.map,MxWAstar,5,17,True,88
../maps/custom-11-11.map,MWRCP3,5,17,True,94
../maps/custom-11-11.map,MWRP_CPD,5,17,True,102
../maps/custom-11-11.map,OG_MWRP,5,17,True,66113
../maps/custom-11-11.map,FOCAL_MOC,5,18,True,49
../maps/custom-11-11.map,FOCAL_SOC,5,18,True,54
../maps/custom-11-11.map,MxWAstar,5,18,True,48
../maps/custom-11-11.map,MWRCP3,5,18,True,51
../maps/custom-11-11.map,MWRP_CPD,5,18,True,49
../maps/custom-11-11.map,OG_MWRP,5,18,True,9945
../maps/custom-11-11.map,FOCAL_MOC,5,19,True,27
../maps/custom-11-11.map,FOCAL_SOC,5,19,True,215
../maps/custom-11-11.map,MxWAstar,5,19,True,24
../maps/custom-11-11.map,MWRCP3,5,19,True,100
../maps/custom-11-11.map,MWRP_CPD,5,19,True,133
../maps/custom-11-11.map,OG_MWRP,5,19,True,50125
../maps/custom-11-11.map,FOCAL_MOC,5,20,True,76
../maps/custom-11-11.map,FOCAL_SOC,5,20,True,89
../maps/custom-11-11.map,MxWAstar,5,20,True,78
../maps/custom-11-11.map,MWRCP3,5,20,True,75
../maps/custom-11-11.map,MWRP_CPD,5,20,True,70
../maps/custom-11-11.map,OG_MWRP,5,20,True,10888
../maps/custom-11-11.map,FOCAL_MOC,5,21,True,119
../maps/custom-11-11.map,FOCAL_SOC,5,21,True,113
../maps/custom-11-11.map,MxWAstar,5,21,True,54
../maps/custom-11-11.map,MWRCP3,5,21,True,74
../maps/custom-11-11.map,MWRP_CPD,5,21,True,75
../maps/custom-11-11.map,OG_MWRP,5,21,True,1202
../maps/custom-11-11.map,FOCAL_MOC,5,22,True,103
../maps/custom-11-11.map,FOCAL_SOC,5,22,True,321
../maps/custom-11-11.map,MxWAstar,5,22,True,64
../maps/custom-11-11.map,MWRCP3,5,22,True,109
../maps/custom-11-11.map,MWRP_CPD,5,22,True,91
../maps/custom-11-11.map,OG_MWRP,5,22,True,1033
../maps/custom-11-11.map,FOCAL_MOC,5,23,True,1446
../maps/custom-11-11.map,FOCAL_SOC,5,23,True,4049
../maps/custom-11-11.map,MxWAstar,5,23,True,1425
../maps/custom-11-11.map,MWRCP3,5,23,True,1480
../maps/custom-11-11.map,MWRP_CPD,5,23,True,1256
../maps/custom-11-11.map,OG_MWRP,5,23,True,20283
../maps/custom-11-11.map,FOCAL_MOC,5,24,True,30
../maps/custom-11-11.map,FOCAL_SOC,5,24,True,26
../maps/custom-11-11.map,MxWAstar,5,24,True,26
../maps/custom-11-11.map,MWRCP3,5,24,True,72
../maps/custom-11-11.map,MWRP_CPD,5,24,True,68
../maps/custom-11-11.map,OG_MWRP,5,24,True,500
../maps/custom-11-11.map,FOCAL_MOC,6,0,True,82
../maps/custom-11-11.map,FOCAL_SOC,6,0,True,81
../maps/custom-11-11.map,MxWAstar,6,0,True,80
../maps/custom-11-11.map,MWRCP3,6,0,True,76
../maps/custom-11-11.map,MWRP_CPD,6,0,True,74
../maps/custom-11-11.map,OG_MWRP,6,0,True,9068
../maps/custom-11-11.map,FOCAL_MOC,6,1,True,37
../maps/custom-11-11.map,FOCAL_SOC,6,1,True,34
../maps/custom-11-11.map,MxWAstar,6,1,True,33
../maps/custom-11-11.map,MWRCP3,6,1,True,816
../maps/custom-11-11.map,MWRP_CPD,6,1,True,627
../maps/custom-11-11.map,OG_MWRP,6,1,True,79117
../maps/custom-11-11.map,FOCAL_MOC,6,2,True,116
../maps/custom-11-11.map,FOCAL_SOC,6,2,True,105
../maps/custom-11-11.map,MxWAstar,6,2,True,81
../maps/custom-11-11.map,MWRCP3,6,2,True,73
../maps/custom-11-11.map,MWRP_CPD,6,2,True,114
../maps/custom-11-11.map,OG_MWRP,6,2,True,122760
../maps/custom-11-11.map,FOCAL_MOC,6,3,True,486
../maps/custom-11-11.map,FOCAL_SOC,6,3,True,512
../maps/custom-11-11.map,MxWAstar,6,3,True,489
../maps/custom-11-11.map,MWRCP3,6,3,True,503
../maps/custom-11-11.map,MWRP_CPD,6,3,True,493
../maps/custom-11-11.map,OG_MWRP,6,3,True,3152
../maps/custom-11-11.map,FOCAL_MOC,6,4,True,98
../maps/custom-11-11.map,FOCAL_SOC,6,4,True,79
../maps/custom-11-11.map,MxWAstar,6,4,True,90
../maps/custom-11-11.map,MWRCP3,6,4,True,96
../maps/custom-11-11.map,MWRP_CPD,6,4,True,1448
